CREATE DATABASE  IF NOT EXISTS `twealthbookdev` /*!40100 DEFAULT CHARACTER SET utf8 COLLATE utf8_unicode_ci */;
USE `twealthbookdev`;
-- MySQL dump 10.13  Distrib 5.6.17, for Win64 (x86_64)
--
-- Host: 127.0.0.1    Database: twealthbookdev
-- ------------------------------------------------------
-- Server version	5.6.15-log

/*!40101 SET @OLD_CHARACTER_SET_CLIENT=@@CHARACTER_SET_CLIENT */;
/*!40101 SET @OLD_CHARACTER_SET_RESULTS=@@CHARACTER_SET_RESULTS */;
/*!40101 SET @OLD_COLLATION_CONNECTION=@@COLLATION_CONNECTION */;
/*!40101 SET NAMES utf8 */;
/*!40103 SET @OLD_TIME_ZONE=@@TIME_ZONE */;
/*!40103 SET TIME_ZONE='+00:00' */;
/*!40014 SET @OLD_UNIQUE_CHECKS=@@UNIQUE_CHECKS, UNIQUE_CHECKS=0 */;
/*!40014 SET @OLD_FOREIGN_KEY_CHECKS=@@FOREIGN_KEY_CHECKS, FOREIGN_KEY_CHECKS=0 */;
/*!40101 SET @OLD_SQL_MODE=@@SQL_MODE, SQL_MODE='NO_AUTO_VALUE_ON_ZERO' */;
/*!40111 SET @OLD_SQL_NOTES=@@SQL_NOTES, SQL_NOTES=0 */;

--
-- Table structure for table `client`
--

DROP TABLE IF EXISTS `client`;
/*!40101 SET @saved_cs_client     = @@character_set_client */;
/*!40101 SET character_set_client = utf8 */;
CREATE TABLE `client` (
  `client_id` int(11) NOT NULL COMMENT 'Client ID unique Auto Generated',
  `client_active_status` int(1) DEFAULT '2' COMMENT '1-Active Fee Paying 2-Active Non Fee Paying 4-Inactive Closed',
  `client_first_name` varchar(50) COLLATE utf8_unicode_ci NOT NULL COMMENT 'Client First Name',
  `client_middle_name` varchar(50) COLLATE utf8_unicode_ci DEFAULT NULL COMMENT 'Client Middle Name',
  `client_last_name` varchar(50) COLLATE utf8_unicode_ci NOT NULL COMMENT 'Client Last Name',
  `client_birth_date` date DEFAULT NULL COMMENT 'Client Birth Date',
  `client_marital_status` int(1) DEFAULT '0' COMMENT '1-Single, 2-Married, 3-Divorcee, 4-Widow',
  `client_joining_date` date DEFAULT NULL COMMENT 'Client Joining Date',
  `client_cell_no` bigint(20) DEFAULT NULL COMMENT 'Client Cell Phone NO',
  `client_email_id` varchar(50) COLLATE utf8_unicode_ci DEFAULT NULL COMMENT 'Client email id',
  `client_pan_card_no` char(10) COLLATE utf8_unicode_ci DEFAULT NULL COMMENT 'PAN No',
  `client_aadhar_card_no` char(12) COLLATE utf8_unicode_ci DEFAULT NULL COMMENT 'Aadhar No',
  PRIMARY KEY (`client_id`)
) ENGINE=InnoDB DEFAULT CHARSET=utf8 COLLATE=utf8_unicode_ci COMMENT='Clients';
/*!40101 SET character_set_client = @saved_cs_client */;

--
-- Dumping data for table `client`
--

LOCK TABLES `client` WRITE;
/*!40000 ALTER TABLE `client` DISABLE KEYS */;
INSERT INTO `client` VALUES (1,2,'Sudhir','Ashok','Kulaye','1980-03-08',1,'2017-04-01',9819980951,'sudhir.kulaye@gmail.com','ANLPK32561',''),(1001,2,'Madhavi','Ashok','Kulaye','1985-11-16',2,'2017-04-01',9930174850,'madhavi.1611@gmail.com','BAMPK2831E',''),(1002,2,'Rohini','Ashok','Kulaye','1981-04-03',2,'2017-04-01',9987508953,'rohinikulaye@gmail.com','AXKPK3576G',''),(1003,2,'Yatin','Balkrishna','Gawde','1980-08-21',2,'2017-04-01',9819156287,'yatin.gawde@accenture.com','AIKPG4455H',''),(1004,2,'Yogesh','Ashok','Jadhav','1980-02-12',2,'2017-04-01',9967020963,'yjadhav226@gmail.com','AGCPJ2712N',''),(1005,2,'Pramod','Himatrao','Pawar','1970-08-30',2,'2017-04-01',9833539125,'pramodpawar@gmail.com','ADUPP0011B',''),(1006,2,'Rohan','Dhanaji','Rane','1985-03-17',2,'2017-04-01',9967835439,'rohandrane@gmail.com','AKUPR8082K',''),(1007,2,'Rahul','Vijayanand','Vaknalli','1995-03-18',1,'2017-04-01',9833539299,'anandkirtiv@gmail.com','ASIPV9082D',''),(1008,2,'Prashant','Govind','Parab','1965-12-19',2,'2017-04-01',9869483091,'prashant.gparab19@gmail.com','AEDPP5174M',''),(1009,2,'Ankush','Ramchandra ','Kulaye','1946-03-09',4,'2017-04-01',9969612144,'aravindkulaye@gmail.com','AAHPK4429N',''),(1010,2,'Sachin','Vasudev','Shengale','1980-06-28',2,'2017-04-01',9820518100,'sachinshengale@gmail.com','BATPS8667R',''),(1014,2,'Girish','Tamanna','Sadalge','1980-10-11',2,'2017-04-01',9820116406,'girishsadalge@gmail.com','BGIPS2699G',''),(1015,2,'Vijayanand','Bhaskar','Vaknalli','1969-09-10',2,'2017-04-01',9833539299,'anandkirtiv@gmail.com','AABPV8347G',''),(1016,2,'Aneeket','Keshav','Rane','1982-10-29',2,'2017-04-01',9821312266,'nishaaneeketrane@gmail.com','AMAPR1702L',''),(1017,2,'Jayesh',NULL,'Wadekar','1983-01-01',2,'2017-04-01',9823433623,'jayeshwadekar@gmail.com','',''),(1018,2,'Nikhil','Surendra','Phatak','1983-01-01',2,'2017-04-01',9819993419,'nikhilphatak29@gmail.com','',''),(1019,2,'Shalmi','Yatin','Gawde','1981-01-01',2,'2017-04-01',9819702056,'shalmi.naik@gmail.com',NULL,NULL);
/*!40000 ALTER TABLE `client` ENABLE KEYS */;
UNLOCK TABLES;

--
-- Table structure for table `family_member`
--

DROP TABLE IF EXISTS `family_member`;
/*!40101 SET @saved_cs_client     = @@character_set_client */;
/*!40101 SET character_set_client = utf8 */;
CREATE TABLE `family_member` (
  `client_id` int(11) NOT NULL COMMENT 'Client ID for reference unique',
  `user_id` int(11) NOT NULL COMMENT 'User ID for reference unique',
  `user_login_id` varchar(50) COLLATE utf8_unicode_ci NOT NULL COMMENT 'User Login ID unique usually contact no.',
  `family_relationship` varchar(50) COLLATE utf8_unicode_ci DEFAULT NULL COMMENT 'Relationship with main client. SELF, SPOUSE, MOTHER, FATHER, SON, DAUGHTER, GRANDPARENTS, GRANDCHILDREN',
  PRIMARY KEY (`client_id`),
  KEY `c_family_user_login_id` (`user_id`),
  CONSTRAINT `c_family_client_id` FOREIGN KEY (`client_id`) REFERENCES `client` (`client_id`),
  CONSTRAINT `c_family_user_login_id` FOREIGN KEY (`user_id`) REFERENCES `user` (`user_id`)
) ENGINE=InnoDB DEFAULT CHARSET=utf8 COLLATE=utf8_unicode_ci COMMENT='family';
/*!40101 SET character_set_client = @saved_cs_client */;

--
-- Dumping data for table `family_member`
--

LOCK TABLES `family_member` WRITE;
/*!40000 ALTER TABLE `family_member` DISABLE KEYS */;
INSERT INTO `family_member` VALUES (1,1,'9819980951','SELF'),(1001,1001,'9930174850','SELF'),(1002,1002,'9987508953','SELF'),(1003,1003,'9819156287','SELF'),(1004,1004,'9967020963','SELF'),(1005,1005,'9833539125','SELF'),(1007,1007,'9833539299','SELF'),(1008,1008,'9869483091','SELF'),(1009,1009,'9969612144','SELF'),(1010,1010,'9820518100','SELF'),(1014,1014,'9820116406','SELF'),(1015,1007,'9833539299','FATHER'),(1016,1016,'9821312266','SELF'),(1017,1017,'9823433623','SELF'),(1018,1002,'9987508953','SPOUSE'),(1019,1003,'9819156287','SPOUSE');
/*!40000 ALTER TABLE `family_member` ENABLE KEYS */;
UNLOCK TABLES;

--
-- Table structure for table `portfolio`
--

DROP TABLE IF EXISTS `portfolio`;
/*!40101 SET @saved_cs_client     = @@character_set_client */;
/*!40101 SET character_set_client = utf8 */;
CREATE TABLE `portfolio` (
  `client_id` int(11) NOT NULL COMMENT 'Client ID for reference unique',
  `portfolio_id` int(3) NOT NULL COMMENT 'Portfolio No unique',
  `portfolio_active_status` int(1) DEFAULT '1' COMMENT '1-Active 2-Inactive 3-Inactive and Closed',
  `portfolio_description` varchar(500) COLLATE utf8_unicode_ci DEFAULT NULL COMMENT 'Description of the portfolio',
  `portfolio_start_date` date DEFAULT NULL COMMENT 'Portfolio Start Date',
  `portfolio_end_date` date DEFAULT NULL COMMENT 'Portfolio Expected End Date',
  `portfolio_current_strategy` varchar(50) COLLATE utf8_unicode_ci DEFAULT NULL COMMENT 'Aggressive-1 : Speculative Daily Trading in Equity and F&O ,\nAggressive-2 : Short Term Undiversified Small Cap Equity,\nAggrassive-3 : Short Term Undiversified Small and Mid Cap Equity\nAggrassive-4 : Short Term Undiversified Mid and Large Cap Equity,\nModerate-1 : Diversified Small and Mid Cap Equity through Mutual Funds,\nModerate-2 : Diversified Large Cap and Midcap through Mutual Funds ,\nModerate-3 : Index Mutual Funds or ETFs\nHybrid : Combination of Moderate and Fixed Income Through Debt Mutual Funds,\nDefensive-1 : Long Duration Debt Mutual Funds\nDefensive-2 : Short Duration Debt Mutual Funds\nFixed Deposits : Only Fixed Deposits\nReal Estate : Investment in Real Estate\nCommodity : Gold, Silver etc.\nPrivate Equity : Own Business or investment in private business',
  `portfolio_benchmark_type` int(1) DEFAULT '1' COMMENT 'Benchmark Type 1-Standard Index 2-Customized combination of Indices',
  `portfolio_benchmark` varchar(50) COLLATE utf8_unicode_ci DEFAULT NULL COMMENT 'Benchmark Code for performance comparison',
  `portfolio_value` float DEFAULT NULL COMMENT 'Market value of the portfolio',
  PRIMARY KEY (`client_id`,`portfolio_id`),
  CONSTRAINT `c_portfolio_client_id` FOREIGN KEY (`client_id`) REFERENCES `client` (`client_id`)
) ENGINE=InnoDB DEFAULT CHARSET=utf8 COLLATE=utf8_unicode_ci;
/*!40101 SET character_set_client = @saved_cs_client */;

--
-- Dumping data for table `portfolio`
--

LOCK TABLES `portfolio` WRITE;
/*!40000 ALTER TABLE `portfolio` DISABLE KEYS */;
INSERT INTO `portfolio` VALUES (1,1,1,'Long Term - Wealth Creation','2015-01-23','2050-01-01','',1,'NSE:NIFTY',NULL),(1001,1,1,'Long Term - Wealth Creation - MOSL','2014-08-14','2017-08-13','',1,'NSE:NIFTY',NULL),(1002,1,1,'Long Term - Wealth Creation - MOSL','2014-08-19','2017-08-18','',1,'NSE:NIFTY',NULL),(1002,2,1,'Long Term - Chaitra Education - MOSL','2015-08-12','2030-08-12','',1,'NSE:NIFTY',NULL),(1003,1,1,'Long term - Aashay Education - MOSL','2014-09-03','2032-08-26','',1,'NSE:NIFTY',NULL),(1003,2,1,'Short term - For Home decor - ICICI Direct','2015-07-15','2020-07-15','',1,'NSE:NIFTY',NULL),(1004,1,2,'Short Term - Trading - MOSL','2014-09-03','2015-09-02','',1,'NSE:NIFTY',NULL),(1005,1,1,'Long Term - Share Market Experiance - MOSL','2014-09-04','2015-09-03','',1,'NSE:NIFTY',NULL),(1006,1,3,'Short Term - Share Market Experiance - MOSL','2014-09-19','2015-09-18','',1,'NSE:NIFTY',NULL),(1007,1,1,'Long Term - Direct Stock Investment - MOSL','2014-10-17','2015-10-16','',1,'NSE:NIFTY',NULL),(1007,2,1,'Mid Term - Debt Mutual Funds - MOSL','2015-11-23','2016-11-23','',1,'1 Yr Interest Rate',NULL),(1008,1,1,'Long Term - Share Market Experiance - MOSL','2014-10-17','2015-10-16','',1,'NSE:NIFTY',NULL),(1009,1,1,'Long Term - Share Market Experiance - MOSL','2014-12-01','2015-11-30','',1,'NSE:NIFTY',NULL),(1010,1,2,'Long Term - Share Market Experiance - MOSL','2014-12-01','2015-12-01','',1,'NSE:NIFTY',NULL),(1014,1,1,'Mid Term - Downpayment for home - ICICI Direct','2015-07-31','2017-07-31','',1,'NSE:NIFTY',NULL),(1015,1,1,'Long Term - Wealth Creation','2015-11-02','2018-11-02','',2,'40%Equity 60% FixedIncome',NULL),(1016,1,3,'Short Term - Share Market Experiance - MOSL','2015-12-31','2018-12-31','',1,'NSE:NIFTY',NULL),(1017,1,1,'Long Term - Wealth Creation Direct Stocks - Sherkhan','2017-01-30','2020-01-31','',1,'NSE:NIFTY',NULL),(1018,1,1,'Long Term - Wealth Creation','2017-02-16','2020-02-16','',1,'NSE:NIFTY',NULL),(1019,1,1,'Long term - Retirement - Sherkhan','2016-09-19','2022-09-19','',1,'NSE:NIFTY',NULL);
/*!40000 ALTER TABLE `portfolio` ENABLE KEYS */;
UNLOCK TABLES;

--
-- Table structure for table `portfolio_cashflow`
--

DROP TABLE IF EXISTS `portfolio_cashflow`;
/*!40101 SET @saved_cs_client     = @@character_set_client */;
/*!40101 SET character_set_client = utf8 */;
CREATE TABLE `portfolio_cashflow` (
  `client_id` int(11) NOT NULL COMMENT 'Client ID unique Auto Generated',
  `portfolio_id` int(3) NOT NULL COMMENT 'Portfolio No unique',
  `date` date NOT NULL COMMENT 'Date on which major cash inflow or outflow happens',
  `amount` float NOT NULL COMMENT 'Amount of cash inflow (negative) or outflow (outflow) happens',
  PRIMARY KEY (`client_id`,`portfolio_id`,`date`),
  KEY `c_portfolio_cashflow_portfolio_id` (`portfolio_id`)
) ENGINE=MyISAM DEFAULT CHARSET=utf8 COLLATE=utf8_unicode_ci COMMENT='Portfolio Cashflow';
/*!40101 SET character_set_client = @saved_cs_client */;

--
-- Dumping data for table `portfolio_cashflow`
--

LOCK TABLES `portfolio_cashflow` WRITE;
/*!40000 ALTER TABLE `portfolio_cashflow` DISABLE KEYS */;
INSERT INTO `portfolio_cashflow` VALUES (1001,1,'2014-08-14',-50000),(1002,1,'2014-08-19',-50000),(1003,1,'2014-09-01',-50000),(1004,1,'2014-09-01',-50000),(1005,1,'2014-09-01',-50000),(1006,1,'2014-09-29',-50000),(1007,1,'2014-10-17',-50000),(1008,1,'2014-10-16',-50000),(1009,1,'2014-11-28',-50000),(1010,1,'2014-11-28',-50000),(1010,1,'2015-01-12',-10000),(1004,1,'2014-12-09',-50000),(1003,1,'2014-12-01',-52773),(1001,1,'2014-12-09',-60000),(1006,1,'2014-12-09',-15000),(1002,1,'2014-12-12',-20000),(1007,1,'2014-12-15',-401000),(1005,1,'2015-01-12',-100000),(1008,1,'2015-01-16',-20000),(1,1,'2015-01-22',-3649310),(1010,1,'2015-01-23',-40000),(1006,1,'2014-12-24',12120.5),(1006,1,'2015-01-28',-10000),(1003,1,'2015-02-02',-10000),(1001,1,'2014-12-24',6112.56),(1001,1,'2015-02-18',-90000),(1002,1,'2015-02-18',-40000),(1011,1,'2015-03-09',-50000),(1003,1,'2015-04-01',-20000),(1012,1,'2015-01-14',-10000),(1012,1,'2015-04-08',-20000),(1010,1,'2015-04-20',-50000),(1011,1,'2015-04-21',-30000),(1005,1,'2015-03-27',8326.32),(1003,1,'2015-05-11',-15000),(1010,1,'2015-06-12',-30000),(1011,1,'2015-06-12',-9406.31),(1004,1,'2015-06-16',-50000),(1003,2,'2015-07-15',-265972),(1006,1,'2015-06-29',1777.89),(1002,1,'2015-07-29',-30000),(1001,1,'2015-07-29',-25000),(1014,1,'2015-07-31',-893482),(1002,2,'2015-08-12',-30000),(1001,1,'2015-08-12',-10000),(1008,1,'2015-08-06',15000),(1008,1,'2015-08-10',-20000),(1003,1,'2015-08-28',-15000),(1011,1,'2015-06-26',237.28),(1014,1,'2015-08-14',-20000),(1014,1,'2015-09-04',-100000),(1014,1,'2015-09-14',-296641),(1011,1,'2015-09-10',-25000),(1003,1,'2015-09-28',-10000),(1003,1,'2015-10-06',-15985.7),(1004,1,'2015-10-12',30000),(1004,1,'2015-10-20',30000),(1015,1,'2015-11-02',-18822200),(1002,1,'2015-09-24',118.84),(1011,1,'2015-10-28',-50000),(1014,1,'2015-11-02',-1000000),(1001,1,'2015-11-16',-50000),(1003,1,'2015-11-17',-125000),(1014,1,'2015-11-17',-100000),(1015,1,'2015-11-18',-500000),(1014,1,'2015-11-18',-50000),(1007,2,'2015-11-23',-800000),(1014,1,'2015-11-27',-27304),(1003,1,'2015-12-03',-100000),(1004,1,'2015-12-03',100000),(1016,1,'2015-12-31',-25000),(1005,1,'2015-12-30',-100000),(1014,1,'2016-01-08',-50000),(1010,1,'2016-01-14',-120000),(1003,1,'2016-04-21',-100000),(1003,1,'2016-04-29',-80000),(1014,1,'2016-06-14',-70000),(1015,1,'2015-11-26',-5000),(1002,2,'2016-07-12',-35000),(1014,1,'2016-07-05',-70000),(1014,1,'2016-08-04',-65091),(1010,1,'2016-08-25',226000),(1006,1,'2016-08-25',66000),(1002,1,'2016-09-01',-50000),(1003,1,'2016-09-19',-100000),(1001,1,'2016-09-22',-130000),(1019,1,'2016-09-19',-273496),(1009,1,'2016-07-01',-14735),(1009,1,'2016-09-19',-14696),(1014,1,'2016-11-10',-70000),(1003,1,'2016-11-17',-50000),(1017,1,'2017-01-30',-640154),(1001,1,'2017-01-02',-20000),(1001,1,'2016-02-08',-20000),(1002,2,'2017-01-02',-30000),(1007,1,'2016-12-23',9845),(1009,1,'2016-11-08',-14685),(1009,1,'2016-12-12',-14725),(1009,1,'0017-02-06',-6570),(1009,1,'2016-09-29',-14996),(1003,1,'2017-03-08',23773),(1003,2,'2017-03-08',-32785),(1017,1,'2017-03-22',-14566.7),(1014,1,'2017-03-08',-17000),(1018,1,'2017-02-16',-100000),(1003,1,'2017-04-03',-100000),(1017,1,'2017-05-05',-22578);
/*!40000 ALTER TABLE `portfolio_cashflow` ENABLE KEYS */;
UNLOCK TABLES;

--
-- Table structure for table `portfolio_holdings`
--

DROP TABLE IF EXISTS `portfolio_holdings`;
/*!40101 SET @saved_cs_client     = @@character_set_client */;
/*!40101 SET character_set_client = utf8 */;
CREATE TABLE `portfolio_holdings` (
  `client_id` int(11) NOT NULL COMMENT 'Client ID for reference unique',
  `portfolio_id` int(3) NOT NULL COMMENT 'Portfolio No unique',
  `security_id` varchar(70) COLLATE utf8_unicode_ci NOT NULL COMMENT 'Security Id',
  `security_buy_date` date NOT NULL COMMENT 'Security Buy Date',
  `security_name` varchar(70) COLLATE utf8_unicode_ci DEFAULT NULL COMMENT 'Security Name',
  `security_asset_class` varchar(30) COLLATE utf8_unicode_ci NOT NULL COMMENT 'Security Asset Class',
  `security_asset_sub_class` varchar(30) COLLATE utf8_unicode_ci NOT NULL COMMENT 'Security Asset Sub Class',
  `security_sector_name` varchar(25) COLLATE utf8_unicode_ci DEFAULT NULL COMMENT 'Security Sector Name',
  `security_industry_name` varchar(50) COLLATE utf8_unicode_ci DEFAULT NULL COMMENT 'Security Industry Name',
  `security_quantity` float DEFAULT NULL COMMENT 'Security Quantity',
  `security_buy_rate` float DEFAULT NULL COMMENT 'Security Buy Rate per Quantity',
  `security_brokerage` float DEFAULT NULL COMMENT 'Security Total Brokerage',
  `security_tax` float DEFAULT NULL COMMENT 'Security Total Tax',
  `security_total_cost` float DEFAULT NULL COMMENT 'Security Total Cost (Buy Rate*Quantity) + Brokerage + Tax',
  `security_cost_rate` float DEFAULT NULL COMMENT 'Security effective cost per quantity i.e. Total Cost/Quantity',
  `security_cmp` float DEFAULT NULL COMMENT 'Security Current Market Price',
  `security_holding_period` float DEFAULT NULL COMMENT 'Security holding period in years',
  `security_market_value` float DEFAULT NULL COMMENT 'Security market value (CMP*Quanity)',
  `security_net_profit` float DEFAULT NULL COMMENT 'Net Profit = Market Value - Total Cost',
  `security_annualized_return` float DEFAULT NULL COMMENT 'Security annualized return',
  `security_absolute_return` float DEFAULT NULL COMMENT 'Security absolute return',
  `security_maturity_value` float DEFAULT NULL COMMENT 'Security Maturity Value especially for FDs',
  `security_maturity_date` date DEFAULT '1900-01-01' COMMENT 'Security Maturity Value especially for FDs',
  PRIMARY KEY (`client_id`,`portfolio_id`,`security_id`,`security_buy_date`),
  KEY `c_portfolio_holdings_portfolio_id` (`portfolio_id`)
) ENGINE=MyISAM DEFAULT CHARSET=utf8 COLLATE=utf8_unicode_ci COMMENT='Portfolio Cashflow';
/*!40101 SET character_set_client = @saved_cs_client */;

--
-- Dumping data for table `portfolio_holdings`
--

LOCK TABLES `portfolio_holdings` WRITE;
/*!40000 ALTER TABLE `portfolio_holdings` DISABLE KEYS */;
INSERT INTO `portfolio_holdings` VALUES (1,1,'NSE:CAPF','2015-06-04','Capital First','04-Equity','06-Equity-SmallStock','Banking & Finance','Finance - General',25,273.5,46.69,17.18,6901.37,276.05,659.15,0,16478.8,9577.38,0,2.38775,0,'1900-01-01'),(1001,1,'NSE:JUNIORBEES','2014-08-14','JUNIORBEES','04-Equity','03-ETF Junior','INDEX','INDEX',90,163.5,73.8,11.1456,14799.9,164.444,263.8,NULL,23742,8942.05,NULL,1.60419,NULL,'1900-01-01'),(1001,1,'NSE:NIFTYBEES','2014-08-14','NIFTYBEES','04-Equity','01-ETF NIFTY','INDEX','INDEX',20,786,78.6,11.9065,15810.5,790.525,973.51,NULL,19470.2,3659.69,NULL,1.23147,NULL,'1900-01-01'),(1001,1,'MOSL','2014-08-14','MOSL','01-Cash','01-Cash','Cash','Cash',1,1401.35,0,0,1401.35,1401.35,1401.35,0,1401.35,0,0,1,0,'1900-01-01'),(1002,1,'NSE:JUNIORBEES','2014-08-14','JUNIORBEES','04-Equity','03-ETF Junior','INDEX','INDEX',90,168,75.6,11.4439,15207,168.967,263.8,NULL,23742,8534.95,NULL,1.56125,NULL,'1900-01-01'),(1002,1,'NSE:NIFTYBEES','2014-08-14','NIFTYBEES','04-Equity','01-ETF NIFTY','INDEX','INDEX',20,797,79.8,12.065,16031.9,801.593,973.51,NULL,19470.2,3438.33,NULL,1.21447,NULL,'1900-01-01'),(1002,1,'MOSL','2014-08-14','MOSL','01-Cash','01-Cash','Cash','Cash',1,4789.75,0,0,4789.75,4789.75,4789.75,0,4789.75,0,0,1,0,'1900-01-01'),(1004,1,'MOSL','2014-09-03','MOSL','01-Cash','01-Cash','Cash','Cash',1,1748.59,0,0,1748.59,1748.59,1748.59,0,1748.59,0,0,1,0,'1900-01-01'),(1003,1,'NSE:KITEX','2014-09-26','Kitex Garments','04-Equity','06-Equity-SmallStock','Manufacturing','Textiles - Readymade Apparels',20,478,47.8,16.82,9624.62,481.231,274.35,NULL,5487,-4137.62,NULL,0.5701,0,'1900-01-01'),(1003,1,'MOSL','2014-09-03','MOSL','01-Cash','01-Cash','Cash','Cash',1,10000,0,0,10000,10000,10000,0,10000,0,0,1,0,'1900-01-01'),(1002,2,'SBI Magnum Gilt Short-term-G','2016-09-27','SBI Magnum Gilt Short-term-G','02-FixedInc','05-ShortTerm-DebtMF','Short Term (< 6M) Debt MF','Short Term (< 6M) Debt MF',455.049,32.96,0,0,15000,32.96,35.2465,0,16038.9,1038.88,0,1.06926,0,'1900-01-01'),(1011,1,'NSE:CARERATING','2015-05-05','CARE','04-Equity','06-Equity-SmallStock','Banking & Finance','Finance - General',10,1585.25,79.3,28.01,15959.8,1595.98,1608,0,16080,120.19,0,1.00753,0,'1900-01-01'),(1007,1,'NSE:UPL','2015-04-30','UPL','04-Equity','05-Equity-MidStock','Chemicals','Chemicals',20,484.75,48.4,17.32,9760.72,488.036,824.05,0,16481,6720.28,0,1.6885,0,'1900-01-01'),(1005,1,'MOSL','2014-09-03','MOSL','01-Cash','01-Cash','Cash','Cash',1,1710.6,0,0,1710.6,1710.6,1710.6,0,1710.6,0,0,1,0,'1900-01-01'),(1005,1,'NSE:CIPLA','2015-09-10','Cipla','04-Equity','04-Equity-LargeStock','Pharmaceuticals','Pharmaceuticals',15,654.15,49.05,18.04,9879.34,658.62,546.9,0,8203.5,-1675.84,0,0.830369,0,'1900-01-01'),(1005,1,'NSE:JUNIORBEES','2014-09-04','JUNIORBEES','04-Equity','03-ETF Junior','INDEX','INDEX',55,173,47.85,7.5,9570.35,174.006,263.8,NULL,14509,4938.65,NULL,1.51604,NULL,'1900-01-01'),(1005,1,'NSE:NIFTYBEES','2014-09-04','NIFTYBEES','04-Equity','01-ETF NIFTY','INDEX','INDEX',35,814.69,142.45,23,28679.6,819.417,973.51,NULL,34072.9,5393.25,NULL,1.18805,NULL,'1900-01-01'),(1003,1,'NSE:AUROPHARMA','2015-06-10','Aurobindo Pharm','04-Equity','05-Equity-MidStock','Pharmaceuticals','Pharmaceuticals',20,647,64.7,23.52,13028.2,651.41,674.95,0,13499,470.78,0,1.03614,0,'1900-01-01'),(1003,1,'NSE:AXISBANK','2015-09-03','Axis Bank','04-Equity','05-Equity-MidStock','Banking & Finance','Banks - Private Sector',15,484.6,36.3,13.86,7319.16,487.94,510.7,1,7660.5,341.34,0,1.04664,0,'1900-01-01'),(1001,1,'NSE:NIFTYBEES','2014-12-10','NIFTYBEES','04-Equity','01-ETF NIFTY','INDEX','INDEX',30,846.49,126.9,19.21,25540.8,851.36,973.51,NULL,29205.3,3664.49,NULL,1.14348,NULL,'1900-01-01'),(1009,1,'MOSL','2014-12-01','MOSL','01-Cash','01-Cash','Cash','Cash',1,9018.92,0,0,9018.92,9018.92,9018.92,0,9018.92,0,0,1,0,'1900-01-01'),(1009,1,'NSE:HDFCBANK','2015-09-10','HDFC Bank','04-Equity','04-Equity-LargeStock','Banking & Finance','Banks - Private Sector',5,1009.9,25.25,9.24,5083.99,1016.8,1655,0,8275,3191.01,0,1.62766,0,'1900-01-01'),(1003,1,'NSE:NIFTYBEES','2015-12-03','NIFTYBEES','04-Equity','01-ETF NIFTY','INDEX','INDEX',20,797.98,79.8,13.8,16053.2,802.66,973.51,1,19470.2,3417,0,1.21285,0,'1900-01-01'),(1002,1,'SBI Magnum Gilt Short-term-G','2016-09-27','SBI Magnum Gilt Short-term-G','02-FixedInc','05-ShortTerm-DebtMF','Short Term (< 6M) Debt MF','Short Term (< 6M) Debt MF',455.049,32.96,0,0,15000,32.96,35.2465,0,16038.9,1038.88,0,1.06926,0,'1900-01-01'),(1009,1,'NSE:AUROPHARMA','2015-06-10','Aurobindo Pharm','04-Equity','05-Equity-MidStock','Pharmaceuticals','Pharmaceuticals',20,646.95,64.7,23.31,13027,651.35,674.95,0,13499,471.99,0,1.03623,0,'1900-01-01'),(1006,1,'MOSL','2014-09-29','MOSL','01-Cash','01-Cash','Cash','Cash',1,736.49,0,0,736.49,736.49,736.49,0,736.49,0,0,1,0,'1900-01-01'),(1019,1,'NSE:RELIANCE','2016-09-19','Reliance','04-Equity','04-Equity-LargeStock','Oil & Gas','Refineries',7,1075.55,0,0,7528.85,1075.55,1392.35,0,9746.45,2217.6,0,1.29455,0,'1900-01-01'),(1019,1,'NSE:YESBANK','2016-09-19','Yes Bank','04-Equity','04-Equity-LargeStock','Banking & Finance','Banks - Private Sector',5,1169.8,0,0,5849,1169.8,1438,0,7190,1341,0,1.22927,0,'1900-01-01'),(1019,1,'NSE:BHEL','2016-09-19','BHEL','04-Equity','04-Equity-LargeStock','Engineering','Infrastructure - General',37,146.65,0,0,5426.05,146.65,135.35,0,5007.95,-418.1,0,0.922946,0,'1900-01-01'),(1019,1,'NSE:POWERGRID','2016-09-19','Power Grid Corp','04-Equity','04-Equity-LargeStock','Utilities','Power - Generation or Distribution',65,176.05,0,0,11443.2,176.05,208.75,0,13568.8,2125.5,0,1.18574,0,'1900-01-01'),(1019,1,'NSE:SBIGETS','2016-09-19','SBI Gold ETF','05-Commodity','01-Gold ETF','Gold ETF','Gold ETF',4,2830,0,0,11320,2830,2768.15,0,11072.6,-247.4,0,0.978145,0,'1900-01-01'),(1019,1,'NSE:AXISBANK','2016-09-19','Axis Bank','04-Equity','04-Equity-LargeStock','Banking & Finance','Banks - Private Sector',32,602.2,0,0,19270.4,602.2,510.7,0,16342.4,-2928,0,0.848057,0,'1900-01-01'),(1009,1,'NSE:VBL','2016-11-08','Varun Beverages Ltd.','04-Equity','06-Equity-SmallStock','Consumer Products','Beverages',33,445,0,0,14685,445,521.45,0,17207.8,2522.85,0,1.1718,0,'1900-01-01'),(1010,1,'MOSL','2014-12-01','MOSL','01-Cash','01-Cash','Cash','Cash',1,172.91,0,0,172.91,172.91,172.91,0,172.91,0,0,1,0,'1900-01-01'),(1009,1,'NSE:BSE','2017-02-06','BSE Ltd','04-Equity','05-Equity-MidStock','Stock Exchange','Stock Exchange',18,365,0,0,6570,365,1102.1,0,19837.8,13267.8,0,3.01945,0,'1900-01-01'),(1008,1,'MOSL','2014-10-17','MOSL','01-Cash','01-Cash','Cash','Cash',1,1500.85,0,0,1500.85,1500.85,1500.85,0,1500.85,0,0,1,0,'1900-01-01'),(1008,1,'NSE:NIFTYBEES','2014-10-17','NIFTYBEES','04-Equity','01-ETF NIFTY','INDEX','INDEX',20,788.8,78.8,11.93,15866.7,793.336,973.51,NULL,19470.2,3603.46,NULL,1.22711,NULL,'1900-01-01'),(1008,1,'NSE:JUNIORBEES','2014-10-17','JUNIORBEES','04-Equity','03-ETF Junior','INDEX','INDEX',55,166.35,45.65,6.91,9201.81,167.306,263.8,NULL,14509,5307.19,NULL,1.57675,NULL,'1900-01-01'),(1007,1,'NSE:AUROPHARMA','2015-06-12','Aurobindo Pharm','04-Equity','05-Equity-MidStock','Pharmaceuticals','Pharmaceuticals',20,629.85,63,23.16,12683.2,634.158,674.95,0,13499,815.841,0,1.06432,0,'1900-01-01'),(1001,1,'NSE:JUNIORBEES','2014-10-17','JUNIORBEES','04-Equity','03-ETF Junior','INDEX','INDEX',30,166.34,24.9,3.77,5018.87,167.296,263.8,NULL,7914,2895.13,NULL,1.57685,NULL,'1900-01-01'),(1002,1,'NSE:JUNIORBEES','2014-10-17','JUNIORBEES','04-Equity','03-ETF Junior','INDEX','INDEX',30,166.34,24.9,3.77,5018.87,167.296,263.8,NULL,7914,2895.13,NULL,1.57685,NULL,'1900-01-01'),(1002,2,'NSE:JUNIORBEES','2015-09-03','JUNIORBEES','04-Equity','03-ETF Junior','INDEX','INDEX',25,199.99,25,4.19,5028.94,201.16,263.8,2,6595,1566.06,0,1.31141,0,'1900-01-01'),(1003,1,'NSE:CARERATING','2015-09-03','CARE','04-Equity','06-Equity-SmallStock','Banking & Finance','Finance - General',5,1238.9,30.95,11.38,6236.83,1247.37,1608,2,8040,1803.17,0,1.28912,0,'1900-01-01'),(1007,1,'MOSL','2014-10-17','MOSL','01-Cash','01-Cash','Cash','Cash',1,5000,0,0,5000,5000,5000,0,5000,0,0,1,0,'1900-01-01'),(1014,1,'NSE:INFY','2016-02-12','Infosys','04-Equity','04-Equity-LargeStock','Technology','Computers - Software',18,1068.07,144.19,48.14,19417.6,1078.76,929,2,16722,-2695.59,0,0.861178,0,'1900-01-01'),(1007,1,'NSE:JUNIORBEES','2014-10-17','JUNIORBEES','04-Equity','03-ETF Junior','INDEX','INDEX',55,168.64,46.2,7,9328.4,169.607,263.8,NULL,14509,5180.6,NULL,1.55536,NULL,'1900-01-01'),(1007,1,'NSE:NIFTYBEES','2014-10-17','NIFTYBEES','04-Equity','01-ETF NIFTY','INDEX','INDEX',35,800.9,140,21.19,28192.7,805.505,973.51,NULL,34072.9,5880.16,NULL,1.20857,NULL,'1900-01-01'),(1005,1,'Mirae Asset India Opportunities Regular-G','2015-01-22','Mirae Asset India Opportunities Regular-G','04-Equity','10-Equity-MultiCapMF','Multi Cap Mutual Fund','Multi Cap Mutual Fund',306.57,31.726,56.18,0,9782.42,31.9093,42.153,0,12922.8,3140.43,0,1.32103,0,'1900-01-01'),(1003,1,'NSE:CARERATING','2014-12-09','CARE','04-Equity','06-Equity-SmallStock','Banking & Finance','Finance - General',5,1399.8,35,12.3,7046.3,1409.26,1608,NULL,8040,993.7,NULL,1.14102,NULL,'1900-01-01'),(1003,1,'Motilal Oswal MOSt Focused 25 Reg-G','2016-09-26','Motilal Oswal MOSt Focused 25 Reg-G','04-Equity','08-Equity-LargeCapMF','Large Cap MF','Large Cap MF',1439.22,17.37,0,0,25000,17.37,19.4515,0,27995,2995.03,0,1.1198,0,'1900-01-01'),(1007,1,'NSE:AUROPHARMA','2015-06-29','Aurobindo Pharm','04-Equity','05-Equity-MidStock','Pharmaceuticals','Pharmaceuticals',5,689.9,17.25,6.4,3473.15,694.63,674.95,0,3374.75,-98.3999,0,0.971668,0,'1900-01-01'),(1002,1,'NSE:NIFTYBEES','2014-12-09','NIFTYBEES','04-Equity','01-ETF NIFTY','INDEX','INDEX',6,848,25.44,4,5117.44,852.907,973.51,NULL,5841.06,723.62,NULL,1.1414,NULL,'1900-01-01'),(1003,1,'NSE:UPL','2014-12-09','UPL','04-Equity','05-Equity-MidStock','Chemicals','Chemicals',15,323.6,24.3,8.52,4886.82,325.788,824.05,NULL,12360.8,7473.93,NULL,2.52941,NULL,'1900-01-01'),(1003,2,'NSE:KPRMILL','2015-09-10','KPR Mill','04-Equity','06-Equity-SmallStock','Manufacturing','Textiles - Readymade Apparels',24,348,37.58,13.91,8403.49,350.145,807,2,19368,10964.5,0,2.30476,0,'1900-01-01'),(1001,1,'NSE:UPL','2015-12-11','UPL','04-Equity','05-Equity-MidStock','Chemicals','Chemicals',20,403.85,40.4,14.99,8132.39,406.62,824.05,0,16481,8348.61,0,2.02659,0,'1900-01-01'),(1014,1,'NSE:INFY','2015-12-10','Infosys','04-Equity','04-Equity-LargeStock','Technology','Computers - Software',15,1047.85,117.88,41.71,15877.3,1058.49,929,1,13935,-1942.34,0,0.877666,0,'1900-01-01'),(1005,1,'Quantum Long Term Equity-G','2015-01-22','Quantum Long Term Equity-G','04-Equity','10-Equity-MultiCapMF','Multi Cap Mutual Fund','Multi Cap Mutual Fund',257.268,38.12,56.18,0,9863.24,38.3384,50.09,0,12886.6,3023.32,0,1.30652,0,'1900-01-01'),(1008,1,'NSE:AUROPHARMA','2015-06-10','Aurobindo Pharm','04-Equity','05-Equity-MidStock','Pharmaceuticals','Pharmaceuticals',20,645.95,64.6,23.77,13007.4,650.37,674.95,0,13499,491.63,0,1.0378,0,'1900-01-01'),(1014,1,'NSE:UPL','2015-12-10','UPL','04-Equity','05-Equity-MidStock','Chemicals','Chemicals',25,408.95,76.68,21.71,10322.1,412.89,824.05,2,20601.2,10279.1,0,1.99583,0,'1900-01-01'),(1019,1,'NSE:HDFC','2016-09-19','HDFC','04-Equity','04-Equity-LargeStock','Banking & Finance','Finance - Housing',15,1397.35,0,0,20960.2,1397.35,1627.4,0,24411,3450.75,0,1.16463,0,'1900-01-01'),(1014,1,'IDFC LTD SR-2 BD 12NV20','2015-11-27','IDFC LTD SR-2 BD 12NV20','02-FixedInc','03-NCD','Corporate FD','Corporate FD',4,6826,0,0,27304,6826,7950,0,31800,4496,0,1.16466,0,'1900-01-01'),(1019,1,'NSE:SBIN','2016-09-19','SBI','04-Equity','04-Equity-LargeStock','Banking & Finance','Banks - Public Sector',54,254.3,0,0,13732.2,254.3,272.8,0,14731.2,998.999,0,1.07275,0,'1900-01-01'),(1,1,'NSE:CARERATING','2015-06-04','CARE','04-Equity','06-Equity-SmallStock','Banking & Finance','Finance - General',10,1525,76.25,28.05,15354.3,1535.43,1608,0,16080,725.7,0,1.04726,0,'1900-01-01'),(1015,1,'SBI Equity Opportunities Fund Series I Reg-G','2014-10-07','SBI Equity Opportunities Fund Series I Reg-G','04-Equity','09-Equity-MidSmallMF','Mid-Small Cap MF','Mid-Small Cap MF',59990,10,0,0,599900,10,14.6,0,875854,275954,0,1.46,0,'1900-01-01'),(1014,1,'NSE:CIPLA','2015-09-10','Cipla','04-Equity','04-Equity-LargeStock','Pharmaceuticals','Pharmaceuticals',40,645.2,193.56,53.76,26055.3,651.38,546.9,2,21876,-4179.32,0,0.839598,0,'1900-01-01'),(1001,1,'NSE:JUNIORBEES','2015-09-10','JUNIORBEES','04-Equity','03-ETF Junior','INDEX','INDEX',30,194.15,29.1,4.88,5858.48,195.28,263.8,0,7914,2055.52,0,1.35086,0,'1900-01-01'),(1001,1,'NSE:CIPLA','2015-09-10','Cipla','04-Equity','04-Equity-LargeStock','Pharmaceuticals','Pharmaceuticals',15,646.88,48.45,18.14,9769.79,651.32,546.9,1,8203.5,-1566.29,0,0.83968,0,'1900-01-01'),(1009,1,'NSE:ICICIPRULI','2016-09-29','Icici Prudential Life Insurance','04-Equity','05-Equity-MidStock','Banking & Finance','Insurance',44,334,0,0,14996,334,473.85,0,20849.4,5853.4,0,1.39033,0,'1900-01-01'),(1003,1,'SBI Magnum Gilt Short-term-G','2016-09-27','SBI Magnum Gilt Short-term-G','02-FixedInc','05-ShortTerm-DebtMF','Short Term (< 6M) Debt MF','Short Term (< 6M) Debt MF',910.098,32.96,0,0,30000,32.96,35.2465,0,32077.8,2077.77,0,1.06926,0,'1900-01-01'),(1009,1,'NSE:NIFTYBEES','2014-12-10','NIFTYBEES','04-Equity','01-ETF NIFTY','INDEX','INDEX',12,846.39,50.76,7.69,10215.1,851.261,973.51,NULL,11682.1,1466.99,NULL,1.14361,NULL,'1900-01-01'),(1007,1,'NSE:AUROPHARMA','2014-12-16','Aurobindo Pharm','04-Equity','05-Equity-MidStock','Pharmaceuticals','Pharmaceuticals',20,546.9,54.7,19.17,11011.9,550.594,674.95,0,13499,2487.13,0,1.22586,0,'1900-01-01'),(1007,1,'NSE:BAJAJ-AUTO','2014-12-16','Bajaj Auto','04-Equity','04-Equity-LargeStock','Automotive','2 & 3 Wheelers',4,2496.8,49.92,17.5,10054.6,2513.66,2809,0,11236,1181.38,0,1.1175,0,'1900-01-01'),(1001,1,'NSE:NIFTYBEES','2016-09-27','NIFTYBEES','04-Equity','01-ETF NIFTY','INDEX','INDEX',30,894.43,134.1,23.86,26990.9,899.7,973.51,0,29205.3,2214.44,0,1.08204,0,'1900-01-01'),(1005,1,'NSE:JUNIORBEES','2016-01-04','JUNIORBEES','04-Equity','03-ETF Junior','INDEX','INDEX',150,200.8,150,25.95,30295.9,201.97,263.8,1,39570,9274.05,0,1.30612,0,'1900-01-01'),(1008,1,'NSE:PFC','2015-09-04','Power Finance','04-Equity','05-Equity-MidStock','Banking & Finance','Finance - Term Lending Institutions',50,103.925,26,9.37,5231.62,104.63,122.55,0,6127.5,895.88,0,1.17124,0,'1900-01-01'),(1011,1,'NSE:HDFCBANK','2015-09-10','HDFC Bank','04-Equity','04-Equity-LargeStock','Banking & Finance','Banks - Private Sector',10,1004.45,50.2,18.47,10113.2,1011.32,1655,2,16550,6436.83,0,1.63648,0,'1900-01-01'),(1007,1,'NSE:MAJESCO','2015-06-10','MAJESCO Ltd','04-Equity','06-Equity-SmallStock','Technology','Computers - Software',12,222.67,13.38,4.92,2690.34,224.195,309,0,3708,1017.66,0,1.37826,0,'1900-01-01'),(1007,1,'NSE:ICICIBANK','2014-12-16','ICICI Bank','04-Equity','05-Equity-MidStock','Banking & Finance','Banks - Private Sector',30,333.45,50.1,17.54,10071.1,335.705,294.2,0,8826,-1245.14,0,0.876365,0,'1900-01-01'),(1007,1,'NSE:JUNIORBEES','2014-12-16','JUNIORBEES','04-Equity','03-ETF Junior','INDEX','INDEX',40,178.3,35.6,5.36,7172.96,179.324,263.8,0,10552,3379.04,0,1.47108,0,'1900-01-01'),(1003,2,'NSE:ICICIBANK','2015-07-15','ICICI Bank','04-Equity','05-Equity-MidStock','Banking & Finance','Banks - Private Sector',30,314.65,0,0,9439.5,314.65,294.2,0,8826,-613.5,0,0.935007,0,'1900-01-01'),(1010,1,'Axis Long Term Equity-G','2016-02-08','Axis Long Term Equity-G','04-Equity','07-Equity-ELSS-MF','Tax Saving Equity','Tax Saving Equity',616.895,29.1784,0,0,18000,29.1784,35.8807,0,22134.6,4134.62,0,1.2297,0,'1900-01-01'),(1007,1,'NSE:NIFTYBEES','2014-12-16','NIFTYBEES','04-Equity','01-ETF NIFTY','INDEX','INDEX',30,823.7,123.6,18.6,24853.2,828.44,973.51,0,29205.3,4352.1,0,1.17511,0,'1900-01-01'),(1003,1,'NSE:POWERGRID','2015-12-03','Power Grid Corp','04-Equity','04-Equity-LargeStock','Utilities','Power - Generation or Distribution',65,135.1,44.2,16.41,8842.11,136.03,208.75,2,13568.8,4726.64,0,1.53456,0,'1900-01-01'),(1007,1,'NSE:AUROPHARMA','2015-06-10','Aurobindo Pharm','04-Equity','05-Equity-MidStock','Pharmaceuticals','Pharmaceuticals',40,646.75,129.4,47.58,26047,651.174,674.95,0,26998,951.02,0,1.03651,0,'1900-01-01'),(1007,1,'NSE:KITEX','2015-06-10','Kitex Garments','04-Equity','06-Equity-SmallStock','Manufacturing','Textiles - Readymade Apparels',10,866.45,43.3,15.93,8723.73,872.373,274.35,0,2743.5,-5980.23,0,0.314487,0,'1900-01-01'),(1001,1,'SBI Magnum Gilt Short-term-G','2016-09-27','SBI Magnum Gilt Short-term-G','02-FixedInc','05-ShortTerm-DebtMF','Short Term (< 6M) Debt MF','Short Term (< 6M) Debt MF',910.098,32.96,0,0,30000,32.96,35.2465,0,32077.8,2077.77,0,1.06926,0,'1900-01-01'),(1001,1,'Motilal Oswal MOSt Focused 25 Reg-G','2016-09-27','Motilal Oswal MOSt Focused 25 Reg-G','04-Equity','08-Equity-LargeCapMF','Large Cap MF','Large Cap MF',1725.11,17.39,0,0,30000,17.39,19.4515,0,33556,3555.98,0,1.11853,0,'1900-01-01'),(1002,1,'NSE:NIFTYBEES','2015-09-10','NIFTYBEES','04-Equity','01-ETF NIFTY','INDEX','INDEX',12,783,47.04,7.89,9450.93,787.58,973.51,1,11682.1,2231.19,0,1.23608,0,'1900-01-01'),(1002,1,'NSE:CIPLA','2015-09-10','Cipla','04-Equity','04-Equity-LargeStock','Pharmaceuticals','Pharmaceuticals',12,646.45,38.76,14.5,7810.66,650.89,546.9,0,6562.8,-1247.86,0,0.840236,0,'1900-01-01'),(1016,1,'MOSL','2016-01-05','MOSL','01-Cash','01-Cash','Cash','Cash',1,2993.09,0,0,2993.09,2993.09,2993.09,0,2993.09,0,0,1,0,'1900-01-01'),(1007,1,'NSE:HDFCBANK','2015-03-27','HDFC Bank','04-Equity','04-Equity-LargeStock','Banking & Finance','Banks - Private Sector',6,1015,30.48,10.7,6131.18,1021.86,1655,0,9930,3798.82,0,1.61959,0,'1900-01-01'),(1007,1,'NSE:JUNIORBEES','2014-12-18','JUNIORBEES','04-Equity','03-ETF Junior','INDEX','INDEX',55,182.35,50.05,7.58,10086.9,183.398,263.8,0,14509,4422.12,0,1.4384,0,'1900-01-01'),(1007,1,'NSE:NIFTYBEES','2014-12-18','NIFTYBEES','04-Equity','01-ETF NIFTY','INDEX','INDEX',15,823.5,61.8,9.31,12423.6,828.243,973.51,0,14602.7,2179.01,0,1.17539,0,'1900-01-01'),(1,1,'NSE:RELIANCE','2016-01-20','Reliance','04-Equity','04-Equity-LargeStock','Oil & Gas','Refineries',30,1022.45,153.3,57.18,30884,1029.47,1392.35,1,41770.5,10886.5,0,1.3525,0,'1900-01-01'),(1014,1,'Axis Long Term Equity-G','2015-09-07','Axis Long Term Equity-G','04-Equity','07-Equity-ELSS-MF','Tax Saving Equity','Tax Saving Equity',1693.7,29.52,0,0,50000,29.52,35.8807,0,60771.1,10771.1,0,1.21542,0,'1900-01-01'),(1007,1,'NSE:JUNIORBEES','2014-12-19','JUNIORBEES','04-Equity','03-ETF Junior','INDEX','INDEX',100,183,92,13.91,18405.9,184.059,263.8,0,26380,7974.09,0,1.43324,0,'1900-01-01'),(1002,1,'Motilal Oswal MOSt Focused 25 Reg-G','2016-09-26','Motilal Oswal MOSt Focused 25 Reg-G','04-Equity','08-Equity-LargeCapMF','Large Cap MF','Large Cap MF',1439.22,17.37,0,0,25000,17.37,19.4515,0,27995,2995.03,0,1.1198,0,'1900-01-01'),(1003,1,'HDFC Banking and PSU Debt Reg-G','2015-11-17','HDFC Banking and PSU Debt Reg-G','02-FixedInc','05-ShortTerm-DebtMF','Short Term (< 6M) Debt MF','Short Term (< 6M) Debt MF',3000,11.66,0,0,35000,11.66,13.3528,0,40058.4,5058.4,0,1.14453,0,'1900-01-01'),(1005,1,'NSE:HDFCBANK','2015-09-10','HDFC Bank','04-Equity','04-Equity-LargeStock','Banking & Finance','Banks - Private Sector',10,1007.25,50.4,18.53,10141.4,1014.14,1655,1,16550,6408.57,0,1.63192,0,'1900-01-01'),(1002,1,'NSE:NIFTYBEES','2014-12-15','NIFTYBEES','04-Equity','01-ETF NIFTY','INDEX','INDEX',6,833.95,25.02,3.78,5032.5,838.75,973.51,NULL,5841.06,808.56,NULL,1.16067,NULL,'1900-01-01'),(1007,1,'NSE:BAJAJ-AUTO','2015-01-13','Bajaj Auto','04-Equity','04-Equity-LargeStock','Automotive','2 & 3 Wheelers',3,2327.45,34.92,12.26,7029.53,2343.18,2809,0,8427,1397.47,0,1.1988,0,'1900-01-01'),(1007,1,'NSE:KPRMILL','2015-02-18','KPR Mill','04-Equity','06-Equity-SmallStock','Manufacturing','Textiles - Readymade Apparels',60,236.975,71.1,24.76,14314.4,238.573,807,0,48420,34105.6,0,3.38262,0,'1900-01-01'),(1,1,'NSE:INDIGO','2016-01-20','Interglob Aviation','04-Equity','05-Equity-MidStock','Aviation','Aviation',30,1206,180.9,67.61,36428.5,1214.28,1240,0,37200,771.488,0,1.02118,0,'1900-01-01'),(1,1,'SBI_2016-11-05','2015-11-05','SBI_2016-11-05','02-FixedInc','01-FD','Cash','Cash',1,441618,0,0,441618,441618,467944,0,467944,26325.8,0,1.05961,473585,'2017-11-05'),(1005,1,'NSE:BAJAJ-AUTO','2015-01-14','Bajaj Auto','04-Equity','04-Equity-LargeStock','Automotive','2 & 3 Wheelers',3,2360.75,35.4,12.49,7130.14,2376.71,2809,0,8427,1296.86,0,1.18188,0,'1900-01-01'),(1005,1,'NSE:ICICIBANK','2015-01-14','ICICI Bank','04-Equity','05-Equity-MidStock','Banking & Finance','Banks - Private Sector',20,336.85,33.6,11.83,6782.43,339.122,294.2,0,5884,-898.43,0,0.867536,0,'1900-01-01'),(1005,1,'NSE:AUROPHARMA','2015-06-10','Aurobindo Pharm','04-Equity','05-Equity-MidStock','Pharmaceuticals','Pharmaceuticals',10,647.4,32.35,12.38,6518.73,651.875,674.95,0,6749.5,230.77,0,1.0354,0,'1900-01-01'),(1005,1,'NSE:NIFTYBEES','2015-01-14','NIFTYBEES','04-Equity','01-ETF NIFTY','INDEX','INDEX',10,836.65,41.8,6.33,8414.63,841.463,973.51,0,9735.1,1320.47,0,1.15693,0,'1900-01-01'),(1005,1,'NSE:AUROPHARMA','2015-12-11','Aurobindo Pharm','04-Equity','05-Equity-MidStock','Pharmaceuticals','Pharmaceuticals',6,812.1,25,9.15,4906.75,817.79,674.95,0,4049.7,-857.05,0,0.825332,0,'1900-01-01'),(1008,1,'NSE:UPL','2015-01-16','UPL','04-Equity','05-Equity-MidStock','Chemicals','Chemicals',15,367.8,27.6,9.7,5554.3,370.287,824.05,0,12360.8,6806.45,0,2.22544,0,'1900-01-01'),(1,1,'SBI_2016-11-09','2015-11-09','SBI_2016-11-09','02-FixedInc','01-FD','Cash','Cash',1,78952,0,0,78952,78952,83627.2,0,83627.2,4675.2,0,1.05922,84667,'2017-11-09'),(1019,1,'NSE:NIFTYBEES','2016-09-19','NIFTYBEES','04-Equity','01-ETF NIFTY','INDEX','INDEX',6,897.98,26.94,4.82,5419.64,903.27,973.51,0,5841.06,421.42,0,1.07776,0,'1900-01-01'),(1,1,'L&T India Prudence Direct-G','2015-04-27','L&T India Prudence Direct-G','03-Hybrid','02-HybridEquitytMF','Hybrid Equity Oriented MF','Hybrid Equity Oriented MF',4965.38,20.395,0,0,101269,20.395,25.33,0,125773,24504.2,0,1.24197,0,'1900-01-01'),(1003,1,'NSE:JUNIORBEES','2015-04-28','JUNIORBEES','04-Equity','03-ETF Junior','INDEX','INDEX',5,191.85,20,2.61,981.86,196.37,263.8,0,1319,337.14,0,1.34337,0,'1900-01-01'),(1002,1,'NSE:JUNIORBEES','2015-04-28','JUNIORBEES','04-Equity','03-ETF Junior','INDEX','INDEX',5,191.75,20,2.61,981.36,196.27,263.8,0,1319,337.64,0,1.34405,0,'1900-01-01'),(1,1,'PPF','2014-09-30','PPF','02-FixedInc','02-PPF-NSE','Govt Tax Saving-Post Offi','Govt Tax Saving-Post Office ',1,550671,0,0,550671,550671,550671,0.47,550671,0,0,1,0,'1900-01-01'),(1,1,'NSE:NIFTYBEES','2013-03-22','NIFTYBEES','04-Equity','01-ETF NIFTY','INDEX','INDEX',150,566,425,149,85474,569.827,973.51,1.99,146026,60552.5,0.24,1.70843,0,'1900-01-01'),(1014,1,'NSE:INDIGO','2016-01-22','Interglob Aviation','04-Equity','05-Equity-MidStock','Aviation','Aviation',20,1039,155.85,47.37,20983.2,1049.16,1240,0,24800,3816.78,0,1.1819,0,'1900-01-01'),(1,1,'NSE:INDIGO','2016-01-22','Interglob Aviation','04-Equity','05-Equity-MidStock','Aviation','Aviation',30,1043.7,156.6,58.07,31525.7,1050.86,1240,0,37200,5674.33,0,1.17999,0,'1900-01-01'),(1,1,'NSE:NIFTYBEES','2013-08-05','NIFTYBEES','04-Equity','01-ETF NIFTY','INDEX','INDEX',50,578.5,144.67,22,29091.7,581.833,973.51,1.62,48675.5,19583.8,0.29,1.67318,0,'1900-01-01'),(1016,1,'NSE:JUNIORBEES','2016-01-07','JUNIORBEES','04-Equity','03-ETF Junior','INDEX','INDEX',30,197.87,29.7,5.14,5970.94,199.03,263.8,0,7914,1943.06,0,1.32542,0,'1900-01-01'),(1001,1,'NSE:CIPLA','2015-11-17','Cipla','04-Equity','04-Equity-LargeStock','Pharmaceuticals','Pharmaceuticals',15,633.5,47.55,17.93,9567.98,637.87,546.9,0,8203.5,-1364.48,0,0.857391,0,'1900-01-01'),(1003,1,'Motilal Oswal MOSt Focused Dynamic Equity Reg-G','2016-09-26','Motilal Oswal MOSt Focused Dynamic Equity Reg-G','03-Hybrid','02-HybridEquitytMF','Hybrid Equity Oriented MF','Hybrid Equity Oriented MF',2500,10,0,0,25000,10,11.0118,0,27529.5,2529.5,0,1.10118,0,'1900-01-01'),(1003,1,'NSE:UPL','2015-12-03','UPL','04-Equity','05-Equity-MidStock','Chemicals','Chemicals',15,421.85,31.65,11.8,6371.2,424.75,824.05,2,12360.8,5989.55,0,1.9401,0,'1900-01-01'),(1,1,'NSE:JUNIORBEES','2014-11-28','JUNIORBEES','04-Equity','03-ETF Junior','INDEX','INDEX',241,185.08,0,0,44604.3,185.08,263.8,0.31,63575.8,18971.5,0.27,1.42533,0,'1900-01-01'),(1,1,'NSE:COALINDIA','2015-01-30','Coal India','04-Equity','04-Equity-LargeStock','Utilities','Power - Generation or Distribution',140,344.85,0,0,48279,344.85,245.05,0.14,34307,-13972,0.37,0.710599,0,'1900-01-01'),(1,1,'NSE:AUROPHARMA','2015-06-16','Aurobindo Pharm','04-Equity','05-Equity-MidStock','Pharmaceuticals','Pharmaceuticals',50,642.927,160.73,59.09,32366.2,647.325,674.95,0,33747.5,1381.33,0,1.04268,0,'1900-01-01'),(1,1,'NSE:CAPF','2015-06-16','Capital First','04-Equity','06-Equity-SmallStock','Banking & Finance','Finance - General',25,367.578,45.95,16.9,9252.3,370.09,659.15,0,16478.8,7226.45,0,1.78104,0,'1900-01-01'),(1,1,'NSE:POWERGRID','2013-12-17','Power Grid Corp','04-Equity','04-Equity-LargeStock','Utilities','Power - Generation or Distribution',178,85.5,0,0,15219,85.5,208.75,1.26,37157.5,21938.5,0.54,2.44152,0,'1900-01-01'),(1,1,'NSE:AUROPHARMA','2014-11-11','Aurobindo Pharm','04-Equity','05-Equity-MidStock','Pharmaceuticals','Pharmaceuticals',20,514.875,51.49,18,10367,518.349,674.95,0.36,13499,3132.01,0.57,1.30211,0,'1900-01-01'),(1001,1,'SBI Magnum Gilt Short-term-G','2016-11-01','SBI Magnum Gilt Short-term-G','02-FixedInc','05-ShortTerm-DebtMF','Short Term (< 6M) Debt MF','Short Term (< 6M) Debt MF',300.208,32.96,0,0,10000,33.31,35.2465,0,10581.3,581.281,0,1.05813,0,'1900-01-01'),(1,1,'NSE:ICICIBANK','2013-12-04','ICICI Bank','04-Equity','05-Equity-MidStock','Banking & Finance','Banks - Private Sector',125,212.7,133,49,26769.5,214.156,294.2,1.29,36775,10005.5,0.42,1.37376,0,'1900-01-01'),(1,1,'NSE:ICICIBANK','2013-12-17','ICICI Bank','04-Equity','05-Equity-MidStock','Banking & Finance','Banks - Private Sector',100,222,111,39,22350,223.5,294.2,1.26,29420,7070,0.38,1.31633,0,'1900-01-01'),(1,1,'NSE:ICICIBANK','2014-01-20','ICICI Bank','04-Equity','05-Equity-MidStock','Banking & Finance','Banks - Private Sector',100,208.19,104,38,20961,209.61,294.2,1.16,29420,8459,0.5,1.40356,0,'1900-01-01'),(1,1,'NSE:LICHSGFIN','2014-11-28','LIC Housing Fin','04-Equity','05-Equity-MidStock','Banking & Finance','Finance - Housing',35,422.4,0,0,14784,422.4,741.5,0.31,25952.5,11168.5,0.37,1.75545,0,'1900-01-01'),(1,1,'NSE:MOTHERSUMI','2014-02-06','Motherson Sumi','04-Equity','05-Equity-MidStock','Automotive','Ancillaries',150,137.07,103,37,20700,138,455.7,1.12,68355,47655,1.16,3.30217,0,'1900-01-01'),(1,1,'NSE:UPL','2013-08-05','UPL','04-Equity','05-Equity-MidStock','Chemicals','Chemicals',400,125.5,251,87,50538,126.345,824.05,1.62,329620,279082,1.09,6.52222,0,'1900-01-01'),(1,1,'NSE:UPL','2014-02-11','UPL','04-Equity','05-Equity-MidStock','Chemicals','Chemicals',50,191.1,48,17,9620,192.4,824.05,1.11,41202.5,31582.5,1.02,4.283,0,'1900-01-01'),(1,1,'DIL Ltd.','2009-06-15','DIL Ltd.','04-Equity','06-Equity-SmallStock','Pharmaceuticals','Pharmaceuticals',50,190,48,17,9565,191.3,865,5.76,43250,33685,0.25,4.52169,0,'1900-01-01'),(1,1,'DIL Ltd.','2009-07-01','DIL Ltd.','04-Equity','06-Equity-SmallStock','Pharmaceuticals','Pharmaceuticals',25,185,25,9,4659,186.36,865,5.72,21625,16966,0.25,4.64155,0,'1900-01-01'),(1016,1,'NSE:JUNIORBEES','2016-01-04','JUNIORBEES','04-Equity','03-ETF Junior','INDEX','INDEX',75,200.4,75,12.97,15118,201.57,263.8,2,19785,4667.03,0,1.30871,0,'1900-01-01'),(1001,1,'NSE:KPRMILL','2016-10-30','KPR Mill','04-Equity','06-Equity-SmallStock','Manufacturing','Textiles - Readymade Apparels',20,589.96,59,22.5,11880.7,594.035,807,0,16140,4259.3,0,1.35851,0,'1900-01-01'),(1003,1,'NSE:UPL','2015-12-11','UPL','04-Equity','05-Equity-MidStock','Chemicals','Chemicals',20,406.9,40.6,15.02,8193.62,409.68,824.05,0,16481,8287.38,0,2.01144,0,'1900-01-01'),(1003,2,'NSE:NIFTYBEES','2015-07-15','NIFTYBEES','04-Equity','01-ETF NIFTY','INDEX','INDEX',23,859.48,0,0,19768.1,859.48,973.51,0,22390.7,2622.68,0,1.13267,0,'1900-01-01'),(1003,2,'NSE:JUNIORBEES','2015-07-15','JUNIORBEES','04-Equity','03-ETF Junior','INDEX','INDEX',75,204.55,0,0,15341.2,204.55,263.8,0,19785,4443.75,0,1.28966,0,'1900-01-01'),(1,1,'NSE:AUROPHARMA','2015-09-10','Aurobindo Pharm','04-Equity','05-Equity-MidStock','Pharmaceuticals','Pharmaceuticals',20,709,71,26.31,14277.3,713.87,674.95,0,13499,-778.31,0,0.945486,0,'1900-01-01'),(1007,1,'NSE:ICICIBANK','2015-07-06','ICICI Bank','04-Equity','05-Equity-MidStock','Banking & Finance','Banks - Private Sector',35,308.4,53.9,20.05,10868,310.513,294.2,0,10297,-570.95,0,0.947465,0,'1900-01-01'),(1,1,'NSE:ENDURANCE','2016-10-28','Endurance Technologies','04-Equity','06-Equity-SmallStock','Automotive','Ancillaries',30,472,0,0,14160,472,870,0,26100,11940,0,1.84322,0,'1900-01-01'),(1007,1,'NSE:CARERATING','2015-09-14','CARE','04-Equity','06-Equity-SmallStock','Banking & Finance','Finance - General',10,1159.89,58,21.1,11678,1167.8,1608,1,16080,4402,0,1.37695,0,'1900-01-01'),(1007,1,'NSE:CIPLA','2015-09-14','Cipla','04-Equity','04-Equity-LargeStock','Pharmaceuticals','Pharmaceuticals',20,658.47,65.8,24.21,13259.4,662.97,546.9,2,10938,-2321.4,0,0.824924,0,'1900-01-01'),(1011,1,'NSE:INOXWIND','2015-03-28','Inox Wind','04-Equity','06-Equity-SmallStock','Utilities','Power - Generation or Distribution',45,310,0,0,13950,310,143.4,0,6453,-7497.02,0,0.46258,NULL,'1900-01-01'),(1,1,'SBI-Lalbaug-SB','2016-12-01','SBI-Lalbaug-SB','01-Cash','02-SB','Cash','Cash',1,1518.15,0,0,1518.15,1518.15,1518.15,0,1518.15,0,0,1,0,'1900-01-01'),(1,1,'NSE:SBIGETS','2014-02-20','SBI Gold ETF','05-Commodity','01-Gold ETF','Gold ETF','Gold ETF',4,2917,58,9,11735,2933.75,2768.15,1.08,11072.6,-662.4,-0.15,0.943553,0,'1900-01-01'),(1019,1,'NSE:NIFTYBEES','2016-09-26','NIFTYBEES','04-Equity','01-ETF NIFTY','INDEX','INDEX',21,897.1,94.29,16.66,18950.1,902.38,973.51,0,20443.7,1493.66,0,1.07882,0,'1900-01-01'),(1003,1,'NSE:POWERGRID','2015-01-22','Power Grid Corp','04-Equity','04-Equity-LargeStock','Utilities','Power - Generation or Distribution',35,150,26.25,9.23,5285.48,151.014,208.75,NULL,7306.25,2020.77,NULL,1.38232,NULL,'1900-01-01'),(1003,1,'NSE:LICHSGFIN','2015-01-22','LIC Housing Fin','04-Equity','05-Equity-MidStock','Banking & Finance','Finance - Housing',12,484.75,29.04,10.21,5856.25,488.021,741.5,NULL,8898,3041.75,NULL,1.5194,NULL,'1900-01-01'),(1003,1,'NSE:JUNIORBEES','2015-12-03','JUNIORBEES','04-Equity','03-ETF Junior','INDEX','INDEX',150,199.3,150,25.92,30070.9,200.47,263.8,0,39570,9499.08,0,1.31589,0,'1900-01-01'),(1005,1,'NSE:JUNIORBEES','2015-01-22','JUNIORBEES','04-Equity','03-ETF Junior','INDEX','INDEX',50,192.89,48,7.22,9699.72,193.994,263.8,NULL,13190,3490.28,0,1.35983,0,'1900-01-01'),(1009,1,'NSE:JUNIORBEES','2015-01-22','JUNIORBEES','04-Equity','03-ETF Junior','INDEX','INDEX',30,193,29.1,4.4,5823.5,194.117,263.8,NULL,7914,2090.5,0,1.35898,0,'1900-01-01'),(1019,1,'NSE:ABAN','2016-09-19','Aban Offshore','04-Equity','06-Equity-SmallStock','Oil & Gas','Refineries',25,204.15,0,0,5103.75,204.15,204.15,0,5103.75,0,0,1,0,'1900-01-01'),(1019,1,'NSE:JISLJALEQS','2016-09-19','Jain Irrigation','04-Equity','06-Equity-SmallStock','Manufacturing','Plastics',40,97.9,0,0,3916,97.9,102.3,0,4092,176,0,1.04494,0,'1900-01-01'),(1019,1,'NSE:BHARTIARTL','2016-09-19','Bharti Airtel','04-Equity','04-Equity-LargeStock','Telecom','Telecommunications - Service',10,323.6,0,0,3236,323.6,382.5,0,3825,589,0,1.18201,0,'1900-01-01'),(1019,1,'NSE:LUPIN','2016-09-19','Lupin','04-Equity','04-Equity-LargeStock','Pharmaceuticals','Pharmaceuticals',2,1537.35,0,0,3074.7,1537.35,1058,0,2116,-958.7,0,0.688197,0,'1900-01-01'),(1019,1,'NSE:LT','2016-09-19','Larsen','04-Equity','04-Equity-LargeStock','Engineering','Infrastructure - General',11,1473.2,0,0,16205.2,1473.2,1700,0,18700,2494.8,0,1.15395,0,'1900-01-01'),(1019,1,'NSE:NIFTYBEES','2016-09-16','NIFTYBEES','04-Equity','01-ETF NIFTY','INDEX','INDEX',17,894.9,0,0,15213.3,894.9,973.51,0,16549.7,1336.37,0,1.08784,0,'1900-01-01'),(1011,1,'NSE:CIPLA','2015-09-10','Cipla','04-Equity','04-Equity-LargeStock','Pharmaceuticals','Pharmaceuticals',20,652.25,65.2,23.98,13134.2,656.71,546.9,2,10938,-2196.18,0,0.832789,0,'1900-01-01'),(1001,1,'NSE:CARERATING','2015-04-21','CARE','04-Equity','06-Equity-SmallStock','Banking & Finance','Finance - General',4,1546.85,30.92,10.87,6229.19,1557.3,1608,0,6432,202.81,0,1.03256,0,'1900-01-01'),(1,1,'HDFC-Andheri-SB','2016-12-01','HDFC-Andheri-SB','01-Cash','02-SB','Cash','Cash',1,33086.7,0,0,33086.7,33086.7,33086.7,0,33086.7,0,0,1,0,'1900-01-01'),(1003,1,'NSE:HDFCBANK','2015-09-10','HDFC Bank','04-Equity','04-Equity-LargeStock','Banking & Finance','Banks - Private Sector',10,1004.6,50.2,18.48,10114.7,1011.47,1655,1,16550,6435.32,0,1.63624,0,'1900-01-01'),(1001,1,'NSE:AXISBANK','2015-04-21','Axis Bank','04-Equity','05-Equity-MidStock','Banking & Finance','Banks - Private Sector',10,528.8,26.4,9.71,5324.11,532.41,510.7,0,5107,-217.11,0,0.959221,0,'1900-01-01'),(1002,1,'NSE:COALINDIA','2015-01-30','Coal India','04-Equity','04-Equity-LargeStock','Utilities','Power - Generation or Distribution',12,344.85,20.64,7.11,4165.95,347.163,245.05,0,2940.6,-1225.35,0,0.705865,0,'1900-01-01'),(1003,1,'NSE:JUNIORBEES','2015-02-04','JUNIORBEES','04-Equity','03-ETF Junior','INDEX','INDEX',30,195.49,29.4,4.45,5898.55,196.618,263.8,NULL,7914,2015.45,NULL,1.34169,NULL,'1900-01-01'),(1003,1,'NSE:COALINDIA','2015-01-30','Coal India','04-Equity','04-Equity-LargeStock','Utilities','Power - Generation or Distribution',26,344.85,44.72,15.72,9026.54,347.175,245.05,0,6371.3,-2655.24,0,0.705841,0,'1900-01-01'),(1005,1,'NSE:COALINDIA','2015-01-30','Coal India','04-Equity','04-Equity-LargeStock','Utilities','Power - Generation or Distribution',40,344.85,68.8,24.34,13887.1,347.179,245.05,0,9802,-4085.14,0,0.705833,0,'1900-01-01'),(1014,1,'NSE:AUROPHARMA','2015-09-10','Aurobindo Pharm','04-Equity','05-Equity-MidStock','Pharmaceuticals','Pharmaceuticals',30,708,159.3,44.32,21443.6,714.79,674.95,2,20248.5,-1195.12,0,0.944267,0,'1900-01-01'),(1007,1,'NSE:COALINDIA','2015-01-30','Coal India','04-Equity','04-Equity-LargeStock','Utilities','Power - Generation or Distribution',12,344.85,20.64,7.11,4165.95,347.163,245.05,0,2940.6,-1225.35,0,0.705865,0,'1900-01-01'),(1007,1,'NSE:KSCL','2015-02-04','Kaveri Seed','04-Equity','06-Equity-SmallStock','Other Miscellaneous','Miscellaneous',10,828.9,41.4,14.26,8344.66,834.466,671.1,0,6711,-1633.66,0,0.804227,0,'1900-01-01'),(1014,1,'NSE:INDIGO','2016-02-12','Interglob Aviaiton','04-Equity','05-Equity-MidStock','Aviation','Aviation',8,737,44.22,12.53,5952.75,744.09,1240,2,9920,3967.25,0,1.66646,0,'1900-01-01'),(1,1,'NSE:MAJESCO','2014-11-10','MAJESCO Ltd','04-Equity','06-Equity-SmallStock','Technology','Computers - Software',100,137.45,69,24.87,13838.8,138.39,309,0.36,30900,17061.2,2.22,2.23284,0,'1900-01-01'),(1008,1,'NSE:COALINDIA','2015-01-30','Coal India','04-Equity','04-Equity-LargeStock','Utilities','Power - Generation or Distribution',12,344.85,20.64,7.11,4165.95,347.163,245.05,0,2940.6,-1225.35,0,0.705865,0,'1900-01-01'),(1007,1,'NSE:AXISBANK','2015-03-27','Axis Bank','04-Equity','05-Equity-MidStock','Banking & Finance','Banks - Private Sector',15,540.2,40.5,14.73,8158.23,543.882,510.7,0,7660.5,-497.73,0,0.93899,0,'1900-01-01'),(1001,1,'NSE:KPRMILL','2015-02-18','KPR Mill','04-Equity','06-Equity-SmallStock','Manufacturing','Textiles - Readymade Apparels',40,234.5,47,16.25,9443.25,236.081,807,0,32280,22836.8,0,3.41831,0,'1900-01-01'),(1002,1,'NSE:KPRMILL','2015-02-18','KPR Mill','04-Equity','06-Equity-SmallStock','Manufacturing','Textiles - Readymade Apparels',30,234.5,35.25,12.18,7082.43,236.081,807,0,24210,17127.6,0,3.41832,0,'1900-01-01'),(1002,1,'NSE:AUROPHARMA','2015-06-10','Aurobindo Pharm','04-Equity','05-Equity-MidStock','Pharmaceuticals','Pharmaceuticals',30,648.475,97.2,35.81,19587.3,652.91,674.95,0,20248.5,661.24,0,1.03376,0,'1900-01-01'),(1003,2,'Birla SL Medium Term -G','2015-07-21','Birla SL Medium Term -G','02-FixedInc','05-ShortTerm-DebtMF','Short Term (< 6M) Debt MF','Short Term (< 6M) Debt MF',858.875,17.5974,114,0,15114,17.5974,20.8106,0,17873.7,2759.71,0,1.18259,0,'1900-01-01'),(1011,1,'MOSL','2015-03-01','MOSL','01-Cash','01-Cash','Cash','Cash',1,12913.3,12913.3,0,12913.3,12913.3,12913.3,0,12913.3,0,0,1,0,'1900-01-01'),(1011,1,'NSE:NIFTYBEES','2015-03-09','NIFTYBEES','04-Equity','01-ETF NIFTY','INDEX','INDEX',25,880.01,110,16.65,22126.9,885.076,973.51,0,24337.8,2210.85,0,1.09992,0,'1900-01-01'),(1001,1,'NSE:AXISBANK','2015-03-11','Axis Bank','04-Equity','05-Equity-MidStock','Banking & Finance','Banks - Private Sector',10,582.65,29.1,10.35,5865.95,586.595,510.7,0,5107,-758.95,0,0.870618,0,'1900-01-01'),(1001,1,'NSE:HDFCBANK','2015-03-11','HDFC Bank','04-Equity','04-Equity-LargeStock','Banking & Finance','Banks - Private Sector',10,1055.15,52.8,18.54,10622.8,1062.28,1655,0,16550,5927.16,0,1.55796,0,'1900-01-01'),(1001,1,'NSE:NIFTYBEES','2015-03-11','NIFTYBEES','04-Equity','01-ETF NIFTY','INDEX','INDEX',10,876.7,43.8,6.63,8817.43,881.743,973.51,0,9735.1,917.67,0,1.10407,0,'1900-01-01'),(1001,1,'NSE:CARERATING','2015-09-03','CARE','04-Equity','06-Equity-SmallStock','Banking & Finance','Finance - General',4,1230,24.6,9.05,4953.65,1238.41,1608,2,6432,1478.35,0,1.29844,0,'1900-01-01'),(1002,1,'NSE:NIFTYBEES','2015-03-11','NIFTYBEES','04-Equity','01-ETF NIFTY','INDEX','INDEX',10,875.91,43.8,6.63,8809.53,880.953,973.51,0,9735.1,925.57,0,1.10506,0,'1900-01-01'),(1003,1,'NSE:NIFTYBEES','2015-03-11','NIFTYBEES','04-Equity','01-ETF NIFTY','INDEX','INDEX',6,877,26.34,3.99,5292.33,882.055,973.51,0,5841.06,548.73,0,1.10368,0,'1900-01-01'),(1007,1,'NSE:JUNIORBEES','2015-03-11','JUNIORBEES','04-Equity','03-ETF Junior','INDEX','INDEX',50,197.5,49.5,7.49,9931.99,198.64,263.8,0,13190,3258.01,0,1.32803,0,'1900-01-01'),(1001,1,'NSE:AUROPHARMA','2015-06-10','Aurobindo Pharm','04-Equity','05-Equity-MidStock','Pharmaceuticals','Pharmaceuticals',40,648.812,129.8,48.21,26130.5,653.265,674.95,0,26998,867.49,0,1.0332,0,'1900-01-01'),(1003,2,'Cash','2015-07-13','Cash','01-Cash','02-SB','Cash','Cash',1,71509.5,0,0,71509.5,71509.5,71509.5,0,71509.5,0,0,1,0,'1900-01-01'),(1003,2,'SREI SRVI 10 LOA 06OT21 FV1K','2016-07-15','SREI SRVI 10 LOA 06OT21 FV1K','02-FixedInc','03-NCD','Corporate FD','Corporate FD',20,1111,0,0,22220,22220,1010,0,20200,-2020,0,0.909091,0,'1900-01-01'),(1,1,'NSE:HDFCBANK','2015-09-10','HDFC Bank','04-Equity','04-Equity-LargeStock','Banking & Finance','Banks - Private Sector',25,1005.85,125.75,46.26,25318.3,1012.73,1655,2,41375,16056.7,0,1.6342,0,'1900-01-01'),(1003,1,'NSE:JUNIORBEES','2015-09-10','JUNIORBEES','04-Equity','03-ETF Junior','INDEX','INDEX',50,194.4,48.5,8.15,9776.65,195.53,263.8,2,13190,3413.35,0,1.34913,0,'1900-01-01'),(1003,1,'NSE:AXISBANK','2015-04-01','Axis Bank','04-Equity','05-Equity-MidStock','Banking & Finance','Banks - Private Sector',10,561.6,28.1,9.88,5653.98,565.398,510.7,0,5107,-546.98,0,0.903258,0,'1900-01-01'),(1,1,'NSE:CIPLA','2015-09-10','Cipla','04-Equity','04-Equity-LargeStock','Pharmaceuticals','Pharmaceuticals',75,651.45,244.5,89.9,49193.1,655.91,546.9,1,41017.5,-8175.65,0,0.833805,0,'1900-01-01'),(1001,1,'NSE:AXISBANK','2015-09-03','Axis Bank','04-Equity','05-Equity-MidStock','Banking & Finance','Banks - Private Sector',15,481.95,36.15,13.04,7278.44,485.23,510.7,1,7660.5,382.06,0,1.05249,0,'1900-01-01'),(1007,1,'NSE:RPOWER','2015-03-31','Reliance Power','04-Equity','05-Equity-MidStock','Utilities','Power - Generation or Distribution',200,57.05,58,19.95,11488,57.4398,43.35,0.36,8670,-2817.95,0,0.754704,0,'1900-01-01'),(1011,1,'NSE:AUROPHARMA','2015-09-10','Aurobindo Pharm','04-Equity','05-Equity-MidStock','Pharmaceuticals','Pharmaceuticals',10,706.8,35.3,13.03,7116.33,711.63,674.95,1,6749.5,-366.83,0,0.948452,0,'1900-01-01'),(1011,1,'NSE:CARERATING','2015-09-10','CARE','04-Equity','06-Equity-SmallStock','Banking & Finance','Finance - General',5,1160,29,10.67,5839.67,1167.93,1608,2,8040,2200.33,0,1.37679,0,'1900-01-01'),(1014,1,'NSE:SYNGENE','2015-08-11','Syngene International','04-Equity','06-Equity-SmallStock','Pharmaceuticals','Pharmaceuticals',60,250,0,0,15000,250,459.5,0,27570,12570,0,1.838,0,'1900-01-01'),(1012,1,'NSE:NIFTYBEES','2015-01-22','NIFTYBEES','04-Equity','01-ETF NIFTY','INDEX','INDEX',6,883,26.49,3.99,5328.48,888.08,973.51,0,5841.06,512.58,0,1.0962,0,'1900-01-01'),(1012,1,'NSE:CIPLA','2015-09-14','Cipla','04-Equity','04-Equity-LargeStock','Pharmaceuticals','Pharmaceuticals',18,659.4,59.35,0,11928.5,662.7,546.9,0,9844.2,-2084.35,0,0.825264,0,'1900-01-01'),(1012,1,'NIVESH','2015-03-01','NIVESH','01-Cash','01-Cash','Cash','Cash',1,1388.55,0,0,1388.55,1388.55,1388.55,0,1388.55,0,0,1,0,'1900-01-01'),(1012,1,'NSE:NIFTYBEES','2015-04-10','NIFTYBEES','04-Equity','01-ETF NIFTY','INDEX','INDEX',11,878.97,48.35,5.98,9723,883.91,973.51,0,10708.6,985.61,0,1.10137,0,'1900-01-01'),(1,1,'L&T India Prudence Direct-G','2015-04-20','L&T India Prudence Direct-G','03-Hybrid','02-HybridEquitytMF','Hybrid Equity Oriented MF','Hybrid Equity Oriented MF',14990.6,19.679,0,0,295000,19.679,25.33,0,379712,84711.9,0,1.28716,0,'1900-01-01'),(1003,1,'NSE:AXISBANK','2015-04-21','Axis Bank','04-Equity','05-Equity-MidStock','Banking & Finance','Banks - Private Sector',18,528.35,47.52,17.19,9575.01,531.95,510.7,0,9192.6,-382.409,0,0.960062,0,'1900-01-01'),(1007,1,'NSE:AXISBANK','2015-04-21','Axis Bank','04-Equity','05-Equity-MidStock','Banking & Finance','Banks - Private Sector',15,528.85,39.6,13.67,7986.02,532.401,510.7,0,7660.5,-325.52,0,0.959239,0,'1900-01-01'),(1007,1,'NSE:CARERATING','2015-04-21','CARE','04-Equity','06-Equity-SmallStock','Banking & Finance','Finance - General',4,1547.3,30.96,10.87,6231.03,1557.76,1608,0,6432,200.97,0,1.03225,0,'1900-01-01'),(1009,1,'NSE:PNBHOUSING','2016-12-12','PNB Housing Finance Ltd.','04-Equity','05-Equity-MidStock','Banking & Finance','Finance - Housing',19,775,0,0,14725,775,1573,0,29887,15162,0,2.02968,0,'1900-01-01'),(1014,1,'NSE:ICICIPRULI','2016-09-27','Icici Prudential Life Insurance','04-Equity','05-Equity-MidStock','Banking & Finance','Insurance',148,334,0,0,49432,334,473.85,0,70129.8,20697.8,0,1.41871,0,'1900-01-01'),(1,1,'NSE:ABIRLANUVO','2015-04-21','AB Nuvo','04-Equity','05-Equity-MidStock','Manufacturing','Textiles - Manmade',10,1626.75,81.34,28.53,16377.4,1637.74,1812,0,18120,1742.63,0,1.1064,0,'1900-01-01'),(1,1,'NSE:AXISBANK','2015-04-21','Axis Bank','04-Equity','05-Equity-MidStock','Banking & Finance','Banks - Private Sector',50,528.35,132.09,46.4,26596,531.92,510.7,0,25535,-1060.99,0,0.960107,0,'1900-01-01'),(1,1,'NSE:CARERATING','2015-04-21','CARE','04-Equity','06-Equity-SmallStock','Banking & Finance','Finance - General',10,1543.68,77.19,27.08,15541.1,1554.11,1608,0,16080,538.93,0,1.03468,0,'1900-01-01'),(1,1,'NSE:CAPF','2015-04-21','Capital First','04-Equity','06-Equity-SmallStock','Banking & Finance','Finance - General',40,437,87.4,26.93,17598.1,439.95,659.15,0,26366,8767.91,0,1.49823,0,'1900-01-01'),(1002,1,'SBI Magnum Gilt Short-term-G','2016-11-01','SBI Magnum Gilt Short-term-G','02-FixedInc','05-ShortTerm-DebtMF','Short Term (< 6M) Debt MF','Short Term (< 6M) Debt MF',150.104,33.31,0,0,5000,33.31,35.2465,0,5290.64,290.641,0,1.05813,0,'1900-01-01'),(1,1,'NSE:HDFCBANK','2015-04-21','HDFC Bank','04-Equity','04-Equity-LargeStock','Banking & Finance','Banks - Private Sector',25,1004.75,125.59,44.06,25288.4,1011.54,1655,0,41375,16086.6,0,1.63613,0,'1900-01-01'),(1,1,'MOSL','2015-09-10','MOSL','01-Cash','01-Cash','Cash','Cash',1,3859,0,0,3859,3859,3859,0,3859,0,0,1,0,'1900-01-01'),(1011,1,'NSE:SYNGENE','2015-09-10','Syngene International','04-Equity','06-Equity-SmallStock','Pharmaceuticals','Pharmaceuticals',30,330.45,49.5,18.22,9981.22,332.71,459.5,2,13785,3803.78,0,1.38109,0,'1900-01-01'),(1,1,'NSE:ICICIBANK','2015-04-21','ICICI Bank','04-Equity','05-Equity-MidStock','Banking & Finance','Banks - Private Sector',80,311.8,124.73,43.82,25112.6,313.91,294.2,0,23536,-1576.55,0,0.937221,0,'1900-01-01'),(1003,2,'NSE:AUROPHARMA','2015-07-15','Aurobindo Pharm','04-Equity','05-Equity-MidStock','Pharmaceuticals','Pharmaceuticals',12,753.075,0,0,9036.9,753.075,674.95,0,8099.4,-937.5,0,0.896259,0,'1900-01-01'),(1,1,'NSE:SBIGETS','2015-04-21','SBI Gold ETF','05-Commodity','01-Gold ETF','Gold ETF','Gold ETF',5,2538.3,63.46,9.59,12764.5,2552.91,2768.15,0,13840.8,1076.2,0,1.08431,0,'1900-01-01'),(1,1,'NSE:CARERATING','2015-09-10','CARE','04-Equity','06-Equity-SmallStock','Banking & Finance','Finance - General',10,1160,58,21.34,11679.3,1167.93,1608,0,16080,4400.66,0,1.37679,0,'1900-01-01'),(1,1,'NSE:SWARAJENG','2015-04-21','Swaraj Engines','04-Equity','06-Equity-SmallStock','Automotive','Ancillaries',10,836.85,41.84,14.69,8425.03,842.5,2352,0,23520,15095,0,2.79168,0,'1900-01-01'),(1014,1,'NSE:ENDURANCE','2016-10-28','Endurance Technologies','04-Equity','06-Equity-SmallStock','Automotive','Ancillaries',30,472,0,0,14160,472,870,0,26100,11940,0,1.84322,0,'1900-01-01'),(1003,2,'NSE:BAJAJ-AUTO','2015-07-15','Bajaj Auto','04-Equity','04-Equity-LargeStock','Automotive','2 & 3 Wheelers',3,2532.45,0,0,7597.35,2532.45,2809,0,8427,829.65,0,1.1092,0,'1900-01-01'),(1014,1,'NSE:NIFTYBEES','2016-09-12','NIFTYBEES','04-Equity','01-ETF NIFTY','INDEX','INDEX',80,890.5,534.3,91,71865,898.31,973.51,1,77880.8,6015.8,0,1.08371,0,'1900-01-01'),(1019,1,'Cash','2016-09-19','Cash','01-Cash','02-SB','Cash','Cash',1,27525.6,0,0,27525.6,27525.6,27525.6,0,27525.6,0,0,1,0,'1900-01-01'),(1019,1,'NSE:ASIANPAINT','2016-09-19','Asian Paints','04-Equity','04-Equity-LargeStock','Chemicals','Paints or Varnishes',20,1155.15,0,0,23103,1155.15,1101.65,0,22033,-1070,0,0.953686,0,'1900-01-01'),(1003,1,'NSE:OIL','2015-05-11','Oil India','04-Equity','05-Equity-MidStock','Oil & Gas','Oil Drilling And Exploration',26,356.902,47.4,16.18,9557.18,359.293,266,0,6916,-2641.18,0,0.723644,0,'1900-01-01'),(1003,1,'NSE:UPL','2015-10-06','UPL','04-Equity','05-Equity-MidStock','Chemicals','Chemicals',12,445.95,26.76,9.49,5387.65,448.97,824.05,0,9888.6,4500.95,0,1.83542,0,'1900-01-01'),(1011,1,'NSE:OIL','2015-05-11','Oil India','04-Equity','05-Equity-MidStock','Oil & Gas','Oil Drilling And Exploration',33,356.729,59.55,21.02,11941.8,359.15,266,0,8778,-3163.82,0,0.735064,0,'1900-01-01'),(1015,1,'BIRLA SUN LIFE FRONTLINE EQUITY FUND - GROWTH','2014-05-29','BIRLA SUN LIFE FRONTLINE EQUITY FUND - GROWTH','04-Equity','08-Equity-LargeCapMF','Large Cap MF','Large Cap MF',12314.5,129.92,0,0,1599900,129.92,199.37,0,2455140,855242,0,1.53456,0,'1900-01-01'),(1003,2,'NSE:POWERGRID','2015-07-15','Power Grid Corp','04-Equity','04-Equity-LargeStock','Utilities','Power - Generation or Distribution',95,139.75,0,0,13276.2,139.75,208.75,0,19831.2,6555,0,1.49374,0,'1900-01-01'),(1007,1,'NSE:INDIGO','2016-01-20','Interglob Aviation','04-Equity','05-Equity-MidStock','Aviation','Aviation',10,1197.85,59.9,21.92,12060.3,1206.03,1240,0,12400,339.68,0,1.02817,0,'1900-01-01'),(1003,2,'NSE:RELIANCE','2015-07-15','Reliance','04-Equity','04-Equity-LargeStock','Oil & Gas','Refineries',14,1011.15,0,0,14156.1,1011.15,1392.35,0,19492.9,5336.8,0,1.377,0,'1900-01-01'),(1003,2,'NSE:HDFCBANK','2015-07-15','HDFC Bank','04-Equity','04-Equity-LargeStock','Banking & Finance','Banks - Private Sector',10,1096.7,0,0,10967,1096.7,1655,0,16550,5583,0,1.50907,0,'1900-01-01'),(1003,2,'NSE:HDFCBANK','2015-09-04','HDFC Bank','04-Equity','04-Equity-LargeStock','Banking & Finance','Banks - Private Sector',5,995.8,25,8.66,5012.66,1002.53,1655,0,8275,3262.34,0,1.65082,0,'1900-01-01'),(1003,2,'NSE:AUROPHARMA','2015-09-10','Aurobindo Pharm','04-Equity','05-Equity-MidStock','Pharmaceuticals','Pharmaceuticals',8,712.55,25.66,9.49,5735.55,716.94,674.95,0,5399.6,-335.95,0,0.941427,0,'1900-01-01'),(1003,2,'NSE:UPL','2015-12-10','UPL','04-Equity','05-Equity-MidStock','Chemicals','Chemicals',20,407.7,36.69,15.54,8206.23,410.31,824.05,1,16481,8274.77,0,2.00835,0,'1900-01-01'),(1014,1,'ICICI-SB','2015-07-31','ICICI-SB','01-Cash','02-SB','Cash','Cash',1,78578.2,0,0,78578.2,78578.2,78578.2,0,78578.2,0,0,1,0,'1900-01-01'),(1015,1,'HDFC Balanced-G','2014-08-19','HDFC Balanced-G','03-Hybrid','02-HybridEquitytMF','Hybrid Equity Oriented MF','Hybrid Equity Oriented MF',6472.88,92.679,0,0,599900,92.679,136.86,0,885878,285978,0,1.47671,0,'1900-01-01'),(1014,1,'NSE:JUNIORBEES','2015-09-03','JUNIORBEES','04-Equity','03-ETF Junior','INDEX','INDEX',90,196.93,132.93,22.27,17878.8,198.65,263.8,0,23742,5863.25,0,1.32795,0,'1900-01-01'),(1014,1,'NSE:NAGAROIL','2015-07-31','Nagarjuna Oil','04-Equity','06-Equity-SmallStock','Oil & Gas','Refineries',3000,4.2,0,0,12600,4.2,4,0,12000,-599.999,0,0.952381,0,'1900-01-01'),(1014,1,'NSE:POWERGRID','2015-07-31','Power Grid Corp','04-Equity','04-Equity-LargeStock','Utilities','Power - Generation or Distribution',100,141.8,0,0,14180,141.8,208.75,0,20875,6695,0,1.47214,0,'1900-01-01'),(1014,1,'NSE:ITC','2015-07-31','ITC','04-Equity','04-Equity-LargeStock','Other Miscellaneous','Tobacco',90,217.167,0,0,19545,217.167,310.1,0,27909,8364,0,1.42794,0,'1900-01-01'),(1014,1,'NSE:INFY','2015-07-31','Infosys','04-Equity','04-Equity-LargeStock','Technology','Computers - Software',20,1078.5,0,0,21570,1078.5,929,0,18580,-2990,0,0.861382,0,'1900-01-01'),(1014,1,'NSE:AUROPHARMA','2015-12-10','Aurobindo Pharm','04-Equity','05-Equity-MidStock','Pharmaceuticals','Pharmaceuticals',25,802.85,150.53,42.64,20264.4,810.58,674.95,0,16873.8,-3390.67,0,0.832679,0,'1900-01-01'),(1014,1,'NSE:HDFCBANK','2015-12-10','HDFC Bank','04-Equity','04-Equity-LargeStock','Banking & Finance','Banks - Private Sector',15,1060,119.25,33.77,16053,1070.2,1655,0,24825,8771.98,0,1.54644,0,'1900-01-01'),(1014,1,'NSE:TATAMOTORS','2015-07-31','Tata Motors','04-Equity','04-Equity-LargeStock','Automotive','LCVs & HCVs',55,384,0,0,21120,384,437,0,24035,2915,0,1.13802,0,'1900-01-01'),(1014,1,'NSE:HDFCBANK','2015-09-10','HDFC Bank','04-Equity','04-Equity-LargeStock','Banking & Finance','Banks - Private Sector',20,1001.45,150.22,41.8,20221,1011.05,1655,0,33100,12879,0,1.63691,0,'1900-01-01'),(1014,1,'NSE:MRPL','2015-07-31','MRPL','04-Equity','06-Equity-SmallStock','Oil & Gas','Refineries',500,72.45,0,0,36225,72.45,119.75,0,59875,23650,0,1.65286,0,'1900-01-01'),(1014,1,'NSE:RELIANCE','2015-07-31','Reliance','04-Equity','04-Equity-LargeStock','Oil & Gas','Refineries',25,1001,0,0,25025,1001,1392.35,0,34808.8,9783.75,0,1.39096,0,'1900-01-01'),(1014,1,'NSE:ONGC','2015-07-31','ONGC','04-Equity','04-Equity-LargeStock','Oil & Gas','Oil Drilling And Exploration',150,181.633,0,0,27245,181.633,157.65,0,23647.5,-3597.53,0,0.867957,0,'1900-01-01'),(1014,1,'NSE:NIFTYBEES','2015-09-10','NIFTYBEES','04-Equity','01-ETF NIFTY','INDEX','INDEX',40,782.8,234.84,34.03,31580.9,789.52,973.51,1,38940.4,7359.53,0,1.23304,0,'1900-01-01'),(1014,1,'NSE:KOTAKGOLD','2016-02-12','KOTAK  GOLD ETF','05-Commodity','01-Gold ETF','Gold ETF','Gold ETF',36,258.7,69.85,10.15,9393.2,260.92,255,1,9180,-213.2,0,0.977303,0,'1900-01-01'),(1014,1,'NSE:COALINDIA','2015-07-31','Coal India','04-Equity','04-Equity-LargeStock','Utilities','Power - Generation or Distribution',100,440.2,0,0,44020,440.2,245.05,0,24505,-19515,0,0.556679,0,'1900-01-01'),(1014,1,'NSE:KOTAKGOLD','2015-07-31','KOTAK  GOLD ETF','05-Commodity','01-Gold ETF','Gold ETF','Gold ETF',370,233.1,0,0,86247,233.1,255,0,94350,8103,0,1.09395,0,'1900-01-01'),(1014,1,'NSE:GSPL','2015-07-31','Guj State Petro','04-Equity','06-Equity-SmallStock','Oil & Gas','Oil Drilling And Exploration',75,129.4,0,0,9705,129.4,169.35,0,12701.2,2996.25,0,1.30873,0,'1900-01-01'),(1014,1,'NSE:ICICIBANK','2015-07-31','ICICI Bank','04-Equity','05-Equity-MidStock','Banking & Finance','Banks - Private Sector',300,300.8,0,0,90240,300.8,294.2,0,88260,-1980,0,0.978059,0,'1900-01-01'),(1014,1,'NSE:KPRMILL','2015-08-03','KPR Mill','04-Equity','06-Equity-SmallStock','Manufacturing','Textiles - Readymade Apparels',20,399.95,77.49,0,8076.49,403.824,807,0,16140,8063.51,0,1.99839,0,'1900-01-01'),(1014,1,'NSE:NIFTYBEES','2015-07-31','NIFTYBEES','04-Equity','01-ETF NIFTY','INDEX','INDEX',25,863.75,0,0,21593.8,863.75,973.51,0,24337.8,2744,NULL,1.12707,NULL,'1900-01-01'),(1014,1,'GLODYNE','2015-07-31','GLODYNE','04-Equity','06-Equity-SmallStock','Software Medium & Small','Software Medium & Small',433,0,0,0,0,0,0,0,0,0,0,NULL,0,'1900-01-01'),(1003,1,'NSE:COALINDIA','2015-08-19','Coal India','04-Equity','04-Equity-LargeStock','Utilities','Power - Generation or Distribution',40,363.7,72.8,26.7,14647.5,366.19,245.05,0,9802,-4845.5,0,0.669193,0,'1900-01-01'),(1002,2,'MOSL','2014-08-14','MOSL','01-Cash','01-Cash','Cash','Cash',1,2867.2,0,0,2867.2,2867.2,2867.2,0,2867.2,0,0,1,0,'1900-01-01'),(1014,1,'NSE:CARERATING','2015-08-19','CARE','04-Equity','06-Equity-SmallStock','Banking & Finance','Finance - General',10,1283.96,96.3,28.32,12964.2,1296.42,1608,0,16080,3115.78,0,1.24034,0,'1900-01-01'),(1014,1,'NSE:JUNIORBEES','2015-09-10','JUNIORBEES','04-Equity','03-ETF Junior','INDEX','INDEX',200,193.45,290.175,42.04,39022.2,195.11,263.8,0,52760,13737.8,0,1.35205,0,'1900-01-01'),(1014,1,'NSE:NIFTYBEES','2015-08-11','NIFTYBEES','04-Equity','01-ETF NIFTY','INDEX','INDEX',55,859,410.42,0,47655.4,866.46,973.51,0,53543.1,5887.63,NULL,1.12355,NULL,'1900-01-01'),(1014,1,'NSE:NIFTYBEES','2015-08-12','NIFTYBEES','04-Equity','01-ETF NIFTY','INDEX','INDEX',25,846,183.73,0,21333.7,853.35,973.51,0,24337.8,3004.02,NULL,1.14081,NULL,'1900-01-01'),(1001,1,'NSE:PFC','2015-08-19','Power Finance','04-Equity','05-Equity-MidStock','Banking & Finance','Finance - Term Lending Institutions',80,119.775,48,17.64,9647.64,120.595,122.55,0,9804,156.36,0,1.01621,0,'1900-01-01'),(1001,1,'NSE:CARERATING','2015-08-19','CARE','04-Equity','06-Equity-SmallStock','Banking & Finance','Finance - General',6,1327.05,39.84,14.72,8016.86,1336.14,1608,0,9648,1631.14,0,1.20346,0,'1900-01-01'),(1001,1,'NSE:HDFCBANK','2015-08-19','HDFC Bank','04-Equity','04-Equity-LargeStock','Banking & Finance','Banks - Private Sector',10,1080.18,54,19.86,10875.6,1087.56,1655,1,16550,5674.39,0,1.52175,0,'1900-01-01'),(1001,1,'NSE:COALINDIA','2015-08-19','Coal India','04-Equity','04-Equity-LargeStock','Utilities','Power - Generation or Distribution',40,364.8,72.8,26.82,14691.6,367.29,245.05,2,9802,-4889.62,0,0.667183,0,'1900-01-01'),(1008,1,'NSE:COALINDIA','2015-08-19','Coal India','04-Equity','04-Equity-LargeStock','Utilities','Power - Generation or Distribution',30,363,54.6,19.77,10964.4,365.48,245.05,0,7351.5,-3612.87,0,0.67049,0,'1900-01-01'),(1008,1,'NSE:PFC','2015-08-19','Power Finance','04-Equity','05-Equity-MidStock','Banking & Finance','Finance - Term Lending Institutions',80,118.8,47.6,17.49,9569.09,119.615,122.55,1,9804,234.91,0,1.02455,0,'1900-01-01'),(1014,1,'NSE:HDFCBANK','2015-08-19','HDFC Bank','04-Equity','04-Equity-LargeStock','Banking & Finance','Banks - Private Sector',25,1083.6,203,59,27352,1094.08,1655,1,41375,14023,0,1.51269,0,'1900-01-01'),(1014,1,'NSE:KPRMILL','2015-08-19','KPR Mill','04-Equity','06-Equity-SmallStock','Manufacturing','Textiles - Readymade Apparels',20,392.9,59,17,7934,396.7,807,2,16140,8206,0,2.03428,0,'1900-01-01'),(1014,1,'NSE:JUNIORBEES','2015-08-19','JUNIORBEES','04-Equity','03-ETF Junior','INDEX','INDEX',120,215.92,194.33,31,26135.7,217.8,263.8,2,31656,5520.27,0,1.21122,0,'1900-01-01'),(1014,1,'NSE:PFC','2015-08-19','Power Finance','04-Equity','05-Equity-MidStock','Banking & Finance','Finance - Term Lending Institutions',250,118.9,223,65,30013,120.05,122.55,2,30637.5,624.5,0,1.02081,0,'1900-01-01'),(1005,1,'NSE:INDIGO','2016-01-20','Interglob Aviaiton','04-Equity','05-Equity-MidStock','Aviation','Aviation',10,1206,60.3,22.42,12142.7,1214.27,1240,0,12400,257.28,0,1.02119,0,'1900-01-01'),(1015,1,'HDFC Balanced-G','2014-08-20','HDFC Balanced-G','03-Hybrid','02-HybridEquitytMF','Hybrid Equity Oriented MF','Hybrid Equity Oriented MF',7551.87,92.679,0,0,699900,92.679,136.86,0,1033550,333649,0,1.47671,0,'1900-01-01'),(1002,2,'NSE:UPL','2015-12-11','UPL','04-Equity','05-Equity-MidStock','Chemicals','Chemicals',18,403.45,36.36,13.21,7311.67,406.2,824.05,0,14832.9,7521.23,0,2.02866,0,'1900-01-01'),(1002,2,'NSE:NIFTYBEES','2015-09-03','NIFTYBEES','04-Equity','01-ETF NIFTY','INDEX','INDEX',12,794,47.64,8,9583.64,798.64,973.51,2,11682.1,2098.48,0,1.21896,0,'1900-01-01'),(1002,2,'NSE:UPL','2015-09-03','UPL','04-Equity','05-Equity-MidStock','Chemicals','Chemicals',10,541.15,27.1,9.96,5448.56,544.86,824.05,2,8240.5,2791.94,0,1.51242,0,'1900-01-01'),(1002,1,'NSE:AXISBANK','2015-09-03','Axis Bank','04-Equity','05-Equity-MidStock','Banking & Finance','Banks - Private Sector',20,482.75,48.2,18.14,9721.34,486.07,510.7,0,10214,492.66,0,1.05068,0,'1900-01-01'),(1002,1,'NSE:CARERATING','2015-09-03','CARE','04-Equity','06-Equity-SmallStock','Banking & Finance','Finance - General',10,1244.7,62.2,22.88,12532.1,1253.21,1608,1,16080,3547.92,0,1.28311,0,'1900-01-01'),(1002,1,'NSE:HDFCBANK','2015-09-03','HDFC Bank','04-Equity','04-Equity-LargeStock','Banking & Finance','Banks - Private Sector',10,1009.4,50.5,18.57,10163.1,1016.31,1655,2,16550,6386.93,0,1.62844,0,'1900-01-01'),(1003,1,'NSE:HDFCBANK','2015-09-03','HDFC Bank','04-Equity','04-Equity-LargeStock','Banking & Finance','Banks - Private Sector',5,1008.65,25.2,9.27,5077.72,1015.54,1655,2,8275,3197.28,0,1.62967,0,'1900-01-01'),(1003,1,'NSE:NIFTYBEES','2015-09-03','NIFTYBEES','04-Equity','01-ETF NIFTY','INDEX','INDEX',8,794.3,31.76,5.33,6391.49,798.94,973.51,2,7788.08,1396.59,0,1.21851,0,'1900-01-01'),(1014,1,'NSE:NIFTYBEES','2015-09-14','NIFTYBEES','04-Equity','01-ETF NIFTY','INDEX','INDEX',120,796.067,716.46,115.84,96360.3,803,973.51,0,116821,20460.9,0,1.21234,0,'1900-01-01'),(1014,1,'NSE:JUNIORBEES','2015-09-14','JUNIORBEES','04-Equity','03-ETF Junior','INDEX','INDEX',75,199.1,112,17.01,15061.5,200.82,263.8,0,19785,4723.49,0,1.31361,0,'1900-01-01'),(1,1,'NSE:KITEX','2015-09-21','Kitex Garments','04-Equity','06-Equity-SmallStock','Manufacturing','Textiles - Readymade Apparels',20,777,77.8,29.06,15646.9,782.34,274.35,0,5487,-10159.9,0,0.350677,0,'1900-01-01'),(1001,1,'NSE:HDFCBANK','2015-09-03','HDFC Bank','04-Equity','04-Equity-LargeStock','Banking & Finance','Banks - Private Sector',10,1010.6,50.5,18.57,10175.1,1017.51,1655,2,16550,6374.91,0,1.62652,0,'1900-01-01'),(1007,1,'NSE:HDFCBANK','2015-09-14','HDFC Bank','04-Equity','04-Equity-LargeStock','Banking & Finance','Banks - Private Sector',15,1010.95,75.75,27.88,15267.9,1017.86,1655,2,24825,9557.12,0,1.62596,0,'1900-01-01'),(1007,1,'NSE:KITEX','2015-09-14','Kitex Garments','04-Equity','06-Equity-SmallStock','Manufacturing','Textiles - Readymade Apparels',10,714.18,35.7,13.13,7190.63,719.06,274.35,2,2743.5,-4447.13,0,0.381538,0,'1900-01-01'),(1007,1,'NSE:UPL','2015-09-21','UPL','04-Equity','05-Equity-MidStock','Chemicals','Chemicals',15,472.85,35.4,12.94,7141.09,476.07,824.05,0,12360.8,5219.66,0,1.73093,0,'1900-01-01'),(1003,2,'NSE:UPL','2015-09-21','UPL','04-Equity','05-Equity-MidStock','Chemicals','Chemicals',30,473.5,63.9225,25.4592,14294.4,476.48,824.05,NULL,24721.5,10427.1,NULL,1.72946,NULL,'1900-01-01'),(1014,1,'NSE:UPL','2015-09-21','UPL','04-Equity','05-Equity-MidStock','Chemicals','Chemicals',80,476.15,285.69,83.4,38461.1,480.76,824.05,0,65924,27462.9,0,1.71404,0,'1900-01-01'),(1014,1,'Birla SL Medium Term -G','2015-09-21','Birla SL Medium Term -G','02-FixedInc','05-ShortTerm-DebtMF','Short Term (< 6M) Debt MF','Short Term (< 6M) Debt MF',5630.88,17.7592,0,0,100000,17.7592,20.8106,0,117182,17182.1,0,1.17182,0,'1900-01-01'),(1003,1,'NSE:JUNIORBEES','2015-10-06','JUNIORBEES','04-Equity','03-ETF Junior','INDEX','INDEX',50,203.79,51,8.56,10249.1,204.98,263.8,0,13190,2940.94,0,1.28695,0,'1900-01-01'),(1015,1,'ICICI Pru Capital Protection Oriented Ser III Plan E Reg-G','2013-02-05','ICICI Pru Capital Protection Oriented Ser III Plan E Reg-G','03-Hybrid','01-HybridDebtMF','Hybrid Debt Oriented MF','Hybrid Debt Oriented MF',50000,10,0,0,500000,10,15.7874,0,789370,289370,0,1.57874,0,'1900-01-01'),(1015,1,'Axis Capital Protection Oriented Ser 5-G','2012-11-02','Axis Capital Protection Oriented Ser 5-G','03-Hybrid','01-HybridDebtMF','Hybrid Debt Oriented MF','Hybrid Debt Oriented MF',49990,10,0,0,499900,10,14.5003,0,724870,224970,0,1.45003,0,'1900-01-01'),(1015,1,'DSPBR Dual Advantage Ser 16 36M Reg-G','2013-07-03','DSPBR Dual Advantage Ser 16 36M Reg-G','03-Hybrid','01-HybridDebtMF','Hybrid Debt Oriented MF','Hybrid Debt Oriented MF',50000,10,0,0,500000,10,13.421,0,671050,171050,0,1.3421,0,'1900-01-01'),(1015,1,'ICICI Pru Multiple Yield Sr 3 C Reg-G','2013-05-21','ICICI Pru Multiple Yield Sr 3 C Reg-G','03-Hybrid','01-HybridDebtMF','Hybrid Debt Oriented MF','Hybrid Debt Oriented MF',30000,10,0,0,300000,10,14.5508,0,436524,136524,0,1.45508,0,'1900-01-01'),(1015,1,'Axis Hybrid Series 14 Reg-G','2014-09-02','Axis Hybrid Series 14 Reg-G','03-Hybrid','01-HybridDebtMF','Hybrid Debt Oriented MF','Hybrid Debt Oriented MF',50000,10,0,0,500000,10,11.6095,0,580475,80475,0,1.16095,0,'1900-01-01'),(1015,1,'Reliance Equity Opportunities-G','2014-08-25','Reliance Equity Opportunities-G','04-Equity','10-Equity-MultiCapMF','Mid-Small Cap MF','Mid-Small Cap MF',19117.2,62.7655,0,0,1199900,62.7655,82.1314,0,1570120,370222,0,1.30854,0,'1900-01-01'),(1015,1,'Axis Hybrid Series 5 Reg-G','2013-07-25','Axis Hybrid Series 5 Reg-G','03-Hybrid','01-HybridDebtMF','Hybrid Debt Oriented MF','Hybrid Debt Oriented MF',40000,10,0,0,400000,10,12.5058,0,500232,100232,0,1.25058,0,'1900-01-01'),(1015,1,'SARASWAT-2017-09-11','2015-03-11','SARASWAT-2017-09-11','02-FixedInc','01-FD','Bank FD','Bank FD',1,250798,0,0,250798,250798,303006,0,303006,52208.2,0,1.20817,307600,'2017-09-11'),(1015,1,'SARASWAT-2016-01-27','2013-06-27','SARASWAT-2016-01-27','02-FixedInc','01-FD','Bank FD','Bank FD',1,300000,0,0,300000,300000,300000,0,300000,0,0,1,300000,'2016-01-27'),(1015,1,'SARASWAT-2016-01-31','2012-12-31','SARASWAT-2016-01-31','02-FixedInc','01-FD','Bank FD','Bank FD',1,300000,0,0,300000,300000,300000,0,300000,0,0,1,300000,'2016-01-31'),(1015,1,'SARASWAT-2016-10-12','2012-09-12','SARASWAT-2016-10-12','02-FixedInc','01-FD','Bank FD','Bank FD',1,132455,0,0,132455,132455,146835,0,146835,14380.3,0,1.10857,144700,'2016-10-12'),(1015,1,'BOB-2020-10-21-01','2013-04-16','BOB-2020-10-21-01','02-FixedInc','01-FD','Bank FD','Bank FD',1,500000,0,0,500000,500000,779921,0,779921,279921,0,1.55984,1000580,'2020-10-21'),(1015,1,'BOB-2020-10-21-02','2013-04-16','BOB-2020-10-21-02','02-FixedInc','01-FD','Bank FD','Bank FD',1,500000,0,0,500000,500000,779921,0,779921,279921,0,1.55984,1000580,'2020-10-21'),(1015,1,'BOB-2020-10-21-03','2013-04-16','BOB-2020-10-21-03','02-FixedInc','01-FD','Bank FD','Bank FD',1,500000,0,0,500000,500000,779921,0,779921,279921,0,1.55984,1000580,'2020-10-21'),(1015,1,'BOB-2020-10-21-04','2013-04-16','BOB-2020-10-21-04','02-FixedInc','01-FD','Bank FD','Bank FD',1,500000,0,0,500000,500000,779921,0,779921,279921,0,1.55984,1000580,'2020-10-21'),(1015,1,'BOB-2020-10-21-05','2013-04-16','BOB-2020-10-21-05','02-FixedInc','01-FD','Bank FD','Bank FD',1,500000,0,0,500000,500000,779921,0,779921,279921,0,1.55984,1000580,'2020-10-21'),(1015,1,'NKGSB-2016-01-20','2013-12-20','NKGSB-2016-01-20','02-FixedInc','01-FD','Bank FD','Bank FD',1,325397,0,0,325397,325397,437623,0,437623,112226,0,1.34489,391756,'2016-01-20'),(1015,1,'BIRLA SUN LIFE FRONTLINE EQUITY FUND - GROWTH','2015-11-20','BIRLA SUN LIFE FRONTLINE EQUITY FUND - GROWTH','04-Equity','08-Equity-LargeCapMF','Large Cap MF','Large Cap MF',2542.91,158.75,0,0,403687,158.75,199.37,0,506980,103293,0,1.25587,0,'1900-01-01'),(1015,1,'NKGSB-2017-02-22','2014-02-22','NKGSB-2017-02-22','02-FixedInc','01-FD','Bank FD','Bank FD',1,3124,0,0,3124,3124,3994.38,0,3994.38,870.383,0,1.27861,3904,'2017-02-22'),(1015,1,'NKGSB-2016-08-09','2013-08-09','NKGSB-2016-08-09','02-FixedInc','01-FD','Bank FD','Bank FD',1,3101,0,0,3101,3101,4103.81,0,4103.81,1002.81,0,1.32338,3875,'2016-08-09'),(1015,1,'SBI-2017-07-06-01','2014-08-06','SBI-2017-07-06-01','02-FixedInc','01-FD','Bank FD','Bank FD',1,256902,0,0,256902,256902,332578,0,332578,75676.3,0,1.29457,333079,'2017-07-06'),(1015,1,'AXIS-2016-10-04','2015-10-04','AXIS-2016-10-04','02-FixedInc','01-FD','Bank FD','Bank FD',1,29841,0,0,29841,29841,34046.9,0,34046.9,4205.88,0,1.14094,32269,'2016-10-04'),(1015,1,'SBI-2017-07-06-02','2014-08-06','SBI-2017-07-06-02','02-FixedInc','01-FD','Bank FD','Bank FD',1,385905,0,0,385905,385905,499583,0,499583,113678,0,1.29457,500335,'2017-07-06'),(1015,1,'SBI-2016-06-04','2014-06-04','SBI-2016-06-04','02-FixedInc','01-FD','Bank FD','Bank FD',1,293677,0,0,293677,293677,381420,0,381420,87743.2,0,1.29877,350894,'2016-06-04'),(1015,1,'AXIS-2016-10-18','2015-10-18','AXIS-2016-10-18','02-FixedInc','01-FD','Bank FD','Bank FD',1,41778,0,0,41778,41778,47537.6,0,47537.6,5759.56,0,1.13786,45178,'2016-10-18'),(1015,1,'AXIS-2016-11-01','2015-11-01','AXIS-2016-11-01','02-FixedInc','01-FD','Bank FD','Bank FD',1,41778,0,0,41778,41778,47407.5,0,47407.5,5629.51,0,1.13475,45178,'2016-11-01'),(1015,1,'MOSL','2015-07-31','MOSL','01-Cash','01-Cash','Cash','Cash',1,1876.66,0,0,1876.66,1876.66,1876.66,0,1876.66,0,0,1,0,'1900-01-01'),(1015,1,'SHAMRAO-2017-06-11','2014-05-27','SHAMRAO-2017-06-11','02-FixedInc','01-FD','Bank FD','Bank FD',1,338838,0,0,338838,338838,451022,0,451022,112184,0,1.33108,449233,'2017-06-11'),(1015,1,'SHAMRAO-2017-09-18','2014-08-19','SHAMRAO-2017-09-18','02-FixedInc','01-FD','Bank FD','Bank FD',1,225892,0,0,225892,225892,294194,0,294194,68301.8,0,1.30236,299488,'2017-09-18'),(1015,1,'SHAMRAO-2017-09-21','2014-08-21','SHAMRAO-2017-09-21','02-FixedInc','01-FD','Bank FD','Bank FD',1,338838,0,0,338838,338838,441005,0,441005,102167,0,1.30152,449233,'2017-09-21'),(1015,1,'SHAMRAO-2017-09-15','2014-08-16','SHAMRAO-2017-09-15','02-FixedInc','01-FD','Bank FD','Bank FD',1,338838,0,0,338838,338838,441586,0,441586,102748,0,1.30324,449233,'2017-09-15'),(1015,1,'SHAMRAO-2019-09-18','2014-09-26','SHAMRAO-2019-09-18','02-FixedInc','01-FD','Bank FD','Bank FD',1,500000,0,0,500000,500000,660549,0,660549,160549,0,1.3211,789849,'2019-09-18'),(1015,1,'SHAMRAO-2016-07-03','2015-02-20','SHAMRAO-2016-07-03','02-FixedInc','01-FD','Bank FD','Bank FD',1,300000,0,0,300000,300000,367220,0,367220,67219.6,0,1.22407,339003,'2016-07-03'),(1015,1,'PPF','2015-10-23','PPF','02-FixedInc','02-PPF-NSE','Govt Tax Saving-Post Offi','Govt Tax Saving-Post Office ',1,1086280,0,0,1086280,1086280,1086280,0,1086280,0,0,1,0,'1900-01-01'),(1003,1,'Mirae Asset India Opportunities Regular-G','2015-10-28','Mirae Asset India Opportunities Regular-G','04-Equity','10-Equity-MultiCapMF','Multi Cap Mutual Fund','Multi Cap Mutual Fund',309.473,32.31,0,0,10000,32.31,42.153,0,13045.2,3045.21,0,1.30452,0,'1900-01-01'),(1015,1,'NSE:HDFCBANK','2015-12-15','HDFC Bank','04-Equity','04-Equity-LargeStock','Banking & Finance','Banks - Private Sector',10,1049.95,52.5,20.08,10572.1,1057.21,1655,0,16550,5977.92,0,1.56544,0,'1900-01-01'),(1011,1,'HDFC Balanced-G','2015-10-27','HDFC Balanced-G','03-Hybrid','02-HybridEquitytMF','Hybrid Equity Oriented MF','Hybrid Equity Oriented MF',458.737,109,0,0,50000,109,136.86,0,62782.7,12782.7,0,1.25565,0,'1900-01-01'),(1003,1,'NSE:AXISBANK','2015-12-03','Axis Bank','04-Equity','05-Equity-MidStock','Banking & Finance','Banks - Private Sector',15,460.5,34.5,12.86,6954.86,463.66,510.7,0,7660.5,705.64,0,1.10146,0,'1900-01-01'),(1007,1,'NSE:JUNIORBEES','2015-12-15','JUNIORBEES','04-Equity','03-ETF Junior','INDEX','INDEX',50,193.5,48.5,8.38,9731.88,194.64,263.8,0,13190,3458.12,0,1.35534,0,'1900-01-01'),(1014,1,'FD-2016-10-16','2015-10-10','FD-2016-10-16','02-FixedInc','01-FD','Bank FD','Bank FD',1,1000000,0,0,1000000,1000000,1135050,0,1135050,135054,0,1.13505,1080000,'2016-10-16'),(1015,1,'Mirae Asset India Opportunities Regular-G','2015-12-15','Mirae Asset India Opportunities Regular-G','04-Equity','10-Equity-MultiCapMF','Multi Cap Mutual Fund','Multi Cap Mutual Fund',1595.66,31.35,0,0,50000,31.35,42.153,0,67261.9,17261.9,0,1.34524,0,'1900-01-01'),(1015,1,'NSE:JUNIORBEES','2015-12-15','JUNIORBEES','04-Equity','01-ETF NIFTY','INDEX','INDEX',100,193.5,97,16.76,19463.8,194.64,263.8,0,26380,6916.24,0,1.35534,0,'1900-01-01'),(1001,1,'NSE:HDFCBANK','2015-11-17','HDFC Bank','04-Equity','04-Equity-LargeStock','Banking & Finance','Banks - Private Sector',5,1059.65,26.5,9.88,5334.63,1066.93,1655,0,8275,2940.37,0,1.55119,0,'1900-01-01'),(1001,1,'NSE:JUNIORBEES','2015-11-17','JUNIORBEES','04-Equity','03-ETF Junior','INDEX','INDEX',125,194.4,121.25,20.97,24442.2,195.54,263.8,1,32975,8532.78,0,1.3491,0,'1900-01-01'),(1001,1,'NSE:NIFTYBEES','2015-11-17','NIFTYBEES','04-Equity','01-ETF NIFTY','INDEX','INDEX',20,793.34,79.4,13.72,15959.9,798,973.51,2,19470.2,3510.28,0,1.21994,0,'1900-01-01'),(1002,1,'NSE:UPL','2015-11-17','UPL','04-Equity','05-Equity-MidStock','Chemicals','Chemicals',6,443,15,4.95,2677.95,446.33,824.05,0,4944.3,2266.35,0,1.8463,0,'1900-01-01'),(1002,2,'NSE:UPL','2015-11-17','UPL','04-Equity','05-Equity-MidStock','Chemicals','Chemicals',4,443,10,3.3,1785.3,446.33,824.05,0,3296.2,1510.9,0,1.8463,0,'1900-01-01'),(1003,1,'NSE:JUNIORBEES','2015-11-17','JUNIORBEES','04-Equity','03-ETF Junior','INDEX','INDEX',100,194.1,97,16.77,19523.8,195.24,263.8,0,26380,6856.23,0,1.35117,0,'1900-01-01'),(1003,1,'NSE:NIFTYBEES','2015-11-17','NIFTYBEES','04-Equity','01-ETF NIFTY','INDEX','INDEX',15,792.45,59.4,10.27,11956.4,797.09,973.51,1,14602.7,2646.23,0,1.22132,0,'1900-01-01'),(1003,1,'NSE:UPL','2015-11-17','UPL','04-Equity','05-Equity-MidStock','Chemicals','Chemicals',20,443.2,44.4,16.53,8924.93,446.25,824.05,2,16481,7556.07,0,1.84663,0,'1900-01-01'),(1003,2,'NSE:UPL','2015-11-17','UPL','04-Equity','05-Equity-MidStock','Chemicals','Chemicals',20,442.2,39.81,16.0977,8899.91,445,824.05,2,16481,7581.09,0,1.85182,0,'1900-01-01'),(1005,1,'NSE:CIPLA','2015-11-17','Cipla','04-Equity','04-Equity-LargeStock','Pharmaceuticals','Pharmaceuticals',8,637.3,25.52,9.42,5133.34,641.67,546.9,0,4375.2,-758.14,0,0.852311,0,'1900-01-01'),(1014,1,'Birla SL Medium Term -G','2015-11-18','Birla SL Medium Term -G','02-FixedInc','05-ShortTerm-DebtMF','Short Term (< 6M) Debt MF','Short Term (< 6M) Debt MF',2761.85,18.1038,0,0,50000,18.1038,20.8106,0,57475.8,7475.78,0,1.14952,0,'1900-01-01'),(1019,1,'NSE:COALINDIA','2016-09-19','Coal India','04-Equity','04-Equity-LargeStock','Utilities','Power - Generation or Distribution',25,324.55,0,0,8113.75,324.55,245.05,0,6126.25,-1987.5,0,0.755045,0,'1900-01-01'),(1009,1,'NSE:NIFTYBEES','2015-11-17','NIFTYBEES','04-Equity','01-ETF NIFTY','INDEX','INDEX',5,792,25,4.17,3989.17,797.83,973.51,0,4867.55,878.38,0,1.22019,0,'1900-01-01'),(1014,1,'NSE:CIPLA','2015-11-17','Cipla','04-Equity','04-Equity-LargeStock','Pharmaceuticals','Pharmaceuticals',15,637.187,71.6835,19.978,9649.46,643.3,546.9,0,8203.5,-1445.96,0,0.850151,0,'1900-01-01'),(1014,1,'NSE:JUNIORBEES','2015-11-17','JUNIORBEES','04-Equity','03-ETF Junior','INDEX','INDEX',180,194,261.9,39.27,35221.2,195.67,263.8,0,47484,12262.8,0,1.34817,0,'1900-01-01'),(1014,1,'NSE:NIFTYBEES','2015-11-17','NIFTYBEES','04-Equity','01-ETF NIFTY','INDEX','INDEX',40,794.898,238.47,45.75,32080.2,802,973.51,1,38940.4,6860.24,0,1.21385,0,'1900-01-01'),(1014,1,'NSE:UPL','2015-11-17','UPL','04-Equity','05-Equity-MidStock','Chemicals','Chemicals',20,443.75,66.56,18.86,8960.42,448.02,824.05,2,16481,7520.58,0,1.83931,0,'1900-01-01'),(1014,1,'NSE:PFC','2015-11-17','Power Finance','04-Equity','05-Equity-MidStock','Banking & Finance','Finance - Term Lending Institutions',90,109.944,74.22,21.02,9990.24,111.005,122.55,2,11029.5,1039.26,0,1.10403,0,'1900-01-01'),(1007,1,'NSE:SBIGETS','2016-02-04','SBI Gold ETF','05-Commodity','01-Gold ETF','Gold ETF','Gold ETF',10,2527.58,126.4,21.85,25424.1,2542.41,2768.15,1,27681.5,2257.45,0,1.08879,0,'1900-01-01'),(1014,1,'NSE:AUROPHARMA','2015-11-24','Aurobindo Pharm','04-Equity','05-Equity-MidStock','Pharmaceuticals','Pharmaceuticals',20,835.5,125.33,39.9421,16875.3,843.76,674.95,0,13499,-3376.27,0,0.799928,0,'1900-01-01'),(1015,1,'BOB-2018-10-25','2015-10-25','BOB-2018-10-25','02-FixedInc','01-FD','Bank FD','Bank FD',1,284531,0,0,284531,284531,324473,0,324473,39941.8,0,1.14038,355944,'2018-10-25'),(1015,1,'BOB-2018-10-25','2015-10-22','BOB-2018-10-25','02-FixedInc','01-FD','Bank FD','Bank FD',1,426800,0,0,426800,426800,487842,0,487842,61041.6,0,1.14302,533920,'2018-10-07'),(1015,1,'NSE:JUNIORBEES','2015-11-20','JUNIORBEES','04-Equity','03-ETF Junior','INDEX','INDEX',50,197.45,49.5,8.55,9930.55,198.61,263.8,0,13190,3259.45,0,1.32822,0,'1900-01-01'),(1015,1,'NSE:NIFTYBEES','2015-11-20','NIFTYBEES','04-Equity','01-ETF NIFTY','INDEX','INDEX',12,800.7,48,8.3,9664.7,805.39,973.51,0,11682.1,2017.42,0,1.20874,0,'1900-01-01'),(1007,2,'HDFC Banking and PSU Debt Reg-G','2015-11-23','HDFC Banking and PSU Debt Reg-G','02-FixedInc','05-ShortTerm-DebtMF','Short Term (< 6M) Debt MF','Short Term (< 6M) Debt MF',25701,11.6727,0,0,300000,11.6727,13.3528,0,343180,43180.2,0,1.14393,0,'1900-01-01'),(1007,2,'SBI Magnum Gilt Short-term-G','2015-11-23','SBI Magnum Gilt Short-term-G','02-FixedInc','05-ShortTerm-DebtMF','Short Term (< 6M) Debt MF','Short Term (< 6M) Debt MF',6652.05,30.0659,0,0,200000,30.0659,35.2465,0,234462,34461.6,0,1.17231,0,'1900-01-01'),(1007,2,'L&T Income Opportunities-G','2015-11-23','L&T Income Opportunities-G','02-FixedInc','06-MidTerm-DebtMF','Mid Term (~ 6M-2Y) Debt M','Mid Term (~ 6M-2Y) Debt MF',18157.9,16.5217,0,0,300000,16.5217,18.8798,0,342818,42818.2,0,1.14273,0,'1900-01-01'),(1014,1,'NSE:POWERGRID','2015-11-24','Power Grid Corp','04-Equity','04-Equity-LargeStock','Utilities','Power - Generation or Distribution',120,132,118.8,33.646,15992.5,133.27,208.75,0,25050,9057.55,0,1.56636,0,'1900-01-01'),(1009,1,'NSE:MGL','2016-07-01','Mahanagar Gas','04-Equity','06-Equity-SmallStock','Oil & Gas','Gas Distribution',35,421,0,0,14735,421,985,0,34475,19740,0,2.33967,0,'1900-01-01'),(1,1,'NSE:AUROPHARMA','2015-11-24','Aurobindo Pharm','04-Equity','05-Equity-MidStock','Pharmaceuticals','Pharmaceuticals',30,834.3,125.1,46.8,25200.9,840.03,674.95,0,20248.5,-4952.4,0,0.803483,0,'1900-01-01'),(1,1,'NSE:CIPLA','2015-11-24','Cipla','04-Equity','04-Equity-LargeStock','Pharmaceuticals','Pharmaceuticals',75,638.35,239.25,89.25,48204.8,642.73,546.9,0,41017.5,-7187.25,0,0.850902,0,'1900-01-01'),(1,1,'NSE:KITEX','2015-11-24','Kitex Garments','04-Equity','06-Equity-SmallStock','Manufacturing','Textiles - Readymade Apparels',20,697.6,69.77,26.02,14047.8,702.39,274.35,1,5487,-8560.79,0,0.390595,0,'1900-01-01'),(1005,1,'NSE:NIFTYBEES','2016-01-04','NIFTYBEES','04-Equity','01-ETF NIFTY','INDEX','INDEX',25,790,98.75,17.08,19865.8,794.63,973.51,2,24337.8,4471.92,0,1.22511,0,'1900-01-01'),(1003,1,'NSE:JUNIORBEES','2016-01-04','JUNIORBEES','04-Equity','03-ETF Junior','INDEX','INDEX',75,200.4,75,12.97,15118,201.57,263.8,0,19785,4667.03,0,1.30871,0,'1900-01-01'),(1003,1,'NSE:NIFTYBEES','2016-01-04','NIFTYBEES','04-Equity','01-ETF NIFTY','INDEX','INDEX',12,790,47.4,8.2,9535.6,794.63,973.51,0,11682.1,2146.52,0,1.22511,0,'1900-01-01'),(1003,1,'NSE:JUNIORBEES','2016-01-07','JUNIORBEES','04-Equity','03-ETF Junior','INDEX','INDEX',40,197.99,39.6,6.85,7966.05,199.15,263.8,0,10552,2585.95,0,1.32462,0,'1900-01-01'),(1005,1,'NSE:JUNIORBEES','2016-01-07','JUNIORBEES','04-Equity','03-ETF Junior','INDEX','INDEX',100,197.99,99,17.11,19915.1,199.15,263.8,0,26380,6464.89,0,1.32462,0,'1900-01-01'),(1010,1,'Axis Long Term Equity-G','2016-01-13','Axis Long Term Equity-G','04-Equity','07-Equity-ELSS-MF','Tax Saving Equity','Tax Saving Equity',1692.03,29.55,0,0,50000,29.55,35.8807,0,60711.2,10711.2,0,1.21422,0,'1900-01-01'),(1005,1,'NSE:AUROPHARMA','2016-01-12','Aurobindo Pharm','04-Equity','05-Equity-MidStock','Pharmaceuticals','Pharmaceuticals',20,842.25,84.2,31.56,16960.8,848.04,674.95,0,13499,-3461.76,0,0.795896,0,'1900-01-01'),(1003,1,'NSE:AUROPHARMA','2016-01-12','Aurobindo Pharm','04-Equity','05-Equity-MidStock','Pharmaceuticals','Pharmaceuticals',22,843.3,92.84,35.05,18680.5,849.11,674.95,0,14848.9,-3831.59,0,0.794888,0,'1900-01-01'),(1010,1,'Axis Long Term Equity-G','2016-01-21','Axis Long Term Equity-G','04-Equity','07-Equity-ELSS-MF','Tax Saving Equity','Tax Saving Equity',707.679,28.64,0,0,20000,28.64,35.8807,0,25392,5392.02,0,1.2696,0,'1900-01-01'),(1003,1,'NSE:INDIGO','2016-01-20','Interglob Aviation','04-Equity','05-Equity-MidStock','Aviation','Aviation',10,1205.95,60.3,22.33,12142.1,1214.21,1240,0,12400,257.87,0,1.02124,0,'1900-01-01'),(1003,1,'NSE:RELIANCE','2016-01-20','Reliance','04-Equity','04-Equity-LargeStock','Oil & Gas','Refineries',5,1018.2,25.45,9.49,5125.94,1025.19,1392.35,0,6961.75,1835.81,0,1.35814,0,'1900-01-01'),(1003,2,'NSE:INDIGO','2016-01-20','Interglob Aviation','04-Equity','05-Equity-MidStock','Aviation','Aviation',10,1189.7,53.54,26.9,11977.4,1197.74,1240,0,12400,422.56,0,1.03528,0,'1900-01-01'),(1014,1,'NSE:INDIGO','2016-01-20','Interglob Aviation','04-Equity','05-Equity-MidStock','Aviation','Aviation',25,1188.95,222.93,71.09,30017.8,1200.71,1240,0,31000,982.23,0,1.03272,0,'1900-01-01'),(1014,1,'NSE:JUNIORBEES','2016-01-07','JUNIORBEES','04-Equity','03-ETF Junior','INDEX','INDEX',170,197.61,251.96,41.78,33888.2,199.34,263.8,0,44846,10957.8,0,1.32335,0,'1900-01-01'),(1,1,'NSE:INDIGO','2016-02-01','Interglob Aviaiton','04-Equity','05-Equity-MidStock','Aviation','Aviation',6,898,26.94,9.65,5424.59,904.1,1240,0,7440,2015.41,0,1.37153,0,'1900-01-01'),(1003,1,'NSE:SBIGETS','2016-02-04','SBI Gold ETF','05-Commodity','01-Gold ETF','Gold ETF','Gold ETF',4,2527.65,50.56,8.74,10169.9,2542.48,2768.15,0,11072.6,902.699,0,1.08876,0,'1900-01-01'),(1,1,'NSE:INDIGO','2016-02-04','Interglob Aviaiton','04-Equity','05-Equity-MidStock','Aviation','Aviation',10,808.65,40.4,14.68,8141.58,814.16,1240,0,12400,4258.42,0,1.52305,0,'1900-01-01'),(1,1,'NSE:PIIND','2016-02-04','PI Industries','04-Equity','06-Equity-SmallStock','Chemicals','Pesticides or Agro Chemicals',40,657.95,131.6,49.06,26498.7,662.47,824,0,32960,6461.34,0,1.24384,0,'1900-01-01'),(1,1,'NSE:INDIGO','2016-02-03','Interglob Aviaiton','04-Equity','05-Equity-MidStock','Aviation','Aviation',14,841.69,58.94,22.19,11864.8,847.49,1240,1,17360,5495.21,0,1.46315,0,'1900-01-01'),(1,1,'NSE:INDIGO','2016-02-12','Interglob Aviaiton','04-Equity','05-Equity-MidStock','Aviation','Aviation',15,761.64,57.15,20.88,11502.6,766.84,1240,2,18600,7097.37,0,1.61702,0,'1900-01-01'),(1007,1,'NSE:INDIGO','2016-02-12','Interglob Aviation','04-Equity','05-Equity-MidStock','Aviation','Aviation',8,755.7,30.24,11.45,6087.29,760.91,1240,1,9920,3832.71,0,1.62962,0,'1900-01-01'),(1007,1,'NSE:INFY','2016-02-12','Infosys','04-Equity','04-Equity-LargeStock','Technology','Computers - Software',10,1078.5,53.9,20.1,10859,1085.9,929,2,9290,-1569,0,0.855512,0,'1900-01-01'),(1003,1,'NSE:NIFTYBEES','2016-04-21','NIFTYBEES','04-Equity','01-ETF NIFTY','INDEX','INDEX',100,803.9,402,69.51,80390,808.62,973.51,1,97351,16961,0,1.21098,0,'1900-01-01'),(1003,1,'NSE:NIFTYBEES','2016-05-03','NIFTYBEES','04-Equity','01-ETF NIFTY','INDEX','INDEX',60,793.45,238.2,41.18,47607,798.11,973.51,1,58410.6,10803.6,0,1.22693,0,'1900-01-01'),(1003,1,'NSE:NIFTYBEES','2016-06-24','NIFTYBEES','04-Equity','01-ETF NIFTY','INDEX','INDEX',30,813.5,122.1,21.72,24548.8,818.3,973.51,1,29205.3,4656.48,0,1.18968,0,'1900-01-01'),(1003,2,'NSE:NIFTYBEES','2016-06-24','NIFTYBEES','04-Equity','01-ETF NIFTY','INDEX','INDEX',25,818,92.03,17.56,20559.6,822.38,973.51,0,24337.8,3778.16,0,1.18377,0,'1900-01-01'),(1014,1,'NSE:NIFTYBEES','2016-06-24','NIFTYBEES','04-Equity','01-ETF NIFTY','INDEX','INDEX',60,813.94,366.27,61.75,49264.6,821.08,973.51,1,58410.6,9146.03,0,1.18565,0,'1900-01-01'),(1002,2,'NSE:NIFTYBEES','2016-08-10','NIFTYBEES','04-Equity','01-ETF NIFTY','INDEX','INDEX',20,877.99,87.8,15.62,17663.3,883.164,973.51,1,19470.2,1806.9,0,1.1023,0,'1900-01-01'),(1014,1,'NSE:NIFTYBEES','2016-08-03','NIFTYBEES','04-Equity','01-ETF NIFTY','INDEX','INDEX',100,874.6,655.95,110.63,88226.6,882.27,973.51,1,97351,9124.42,0,1.10342,0,'1900-01-01'),(1014,1,'NSE:JUNIORBEES','2016-08-10','JUNIORBEES','04-Equity','03-ETF Junior','INDEX','INDEX',260,224.47,437.72,73.681,58874.5,226.44,263.8,0,68588,9713.46,0,1.16499,0,'1900-01-01'),(1003,1,'NSE:NIFTYBEES','2016-08-10','NIFTYBEES','04-Equity','01-ETF NIFTY','INDEX','INDEX',20,876.6,87.6,15.59,17722.8,881.76,973.51,1,19470.2,1747.41,0,1.0986,0,'1900-01-01'),(1003,1,'NSE:KPRMILL','2016-10-30','KPR Mill','04-Equity','06-Equity-SmallStock','Manufacturing','Textiles - Readymade Apparels',20,591.5,59.2,22.53,11911.7,595.585,807,0,16140,4228.27,0,1.35497,0,'1900-01-01'),(1019,1,'NSE:NIFTYBEES','2016-11-09','NIFTYBEES','04-Equity','01-ETF NIFTY','INDEX','INDEX',12,842.48,50.55,8.99,10169.3,847.44,973.51,0,11682.1,1512.82,0,1.14876,0,'1900-01-01'),(1014,1,'NSE:KPRMILL','2016-10-30','KPR Mill','04-Equity','06-Equity-SmallStock','Manufacturing','Textiles - Readymade Apparels',40,591.5,177.45,54.5,23891.9,597.3,807,2,32280,8388.06,0,1.35108,0,'1900-01-01'),(1014,1,'NSE:NIFTYBEES','2016-11-24','NIFTYBEES','04-Equity','01-ETF NIFTY','INDEX','INDEX',15,816.51,91.86,16.23,12355.7,823.72,973.51,1,14602.7,2246.91,0,1.18185,0,'1900-01-01'),(1014,1,'Birla SL Medium Term -G','2016-11-24','Birla SL Medium Term -G','02-FixedInc','05-ShortTerm-DebtMF','Short Term (< 6M) Debt MF','Short Term (< 6M) Debt MF',2467.95,20.26,0,0,50000,20.26,20.8106,0,51359.6,1359.61,0,1.02719,0,'1900-01-01'),(1003,1,'SBI Magnum Gilt Short-term-G','2016-11-18','SBI Magnum Gilt Short-term-G','02-FixedInc','05-ShortTerm-DebtMF','Short Term (< 6M) Debt MF','Short Term (< 6M) Debt MF',592.419,33.76,0,0,20000,33.76,35.2465,0,20880.7,880.695,0,1.04403,0,'1900-01-01'),(1003,2,'SBI Magnum Gilt Short-term-G','2016-12-15','SBI Magnum Gilt Short-term-G','02-FixedInc','05-ShortTerm-DebtMF','Short Term (< 6M) Debt MF','Short Term (< 6M) Debt MF',292.863,34.15,0,0,10000,34.15,35.2465,0,10322.4,322.388,0,1.03224,0,'1900-01-01'),(1019,1,'SBI Magnum Gilt Short-term-G','2016-12-15','SBI Magnum Gilt Short-term-G','02-FixedInc','05-ShortTerm-DebtMF','Short Term (< 6M) Debt MF','Short Term (< 6M) Debt MF',439.294,34.15,0,0,15000,34.15,35.2465,0,15483.6,483.582,0,1.03224,0,'1900-01-01'),(1017,1,'NSE:PIDILITIND','2017-01-30','Pidilite Ind','04-Equity','05-Equity-MidStock','Chemicals','Chemicals',51,678,0,0,34578,678,795.8,0,40585.8,6007.8,0,1.17375,0,'1900-01-01'),(1017,1,'NSE:PFC','2017-01-30','Power Finance','04-Equity','04-Equity-LargeStock','Banking & Finance','Finance - Term Lending Institutions',100,138,0,0,13800,138,122.55,0,12255,-1545,0,0.888043,0,'1900-01-01'),(1017,1,'NSE:MARUTI','2017-01-30','Maruti Suzuki','04-Equity','04-Equity-LargeStock','Automotive','Cars & Jeeps',2,5916,0,0,11832,5916,7213.8,0,14427.6,2595.6,0,1.21937,0,'1900-01-01'),(1017,1,'NSE:M&M','2017-01-30','M&M','04-Equity','04-Equity-LargeStock','Automotive','Cars & Jeeps',24,1251.85,0,0,30044.4,1251.85,1360.1,0,32642.4,2598,0,1.08647,0,'1900-01-01'),(1017,1,'NSE:LT','2017-01-30','Larsen','04-Equity','04-Equity-LargeStock','Engineering','Infrastructure - General',55,1443,0,0,79365,1443,1700,0,93500,14135,0,1.1781,0,'1900-01-01'),(1017,1,'NSE:ITC','2017-01-30','ITC','04-Equity','04-Equity-LargeStock','Other Miscellaneous','Tobacco',116,257.5,0,0,29870,257.5,310.1,0,35971.6,6101.6,0,1.20427,0,'1900-01-01'),(1017,1,'NSE:INFY','2017-01-30','Infosys','04-Equity','04-Equity-LargeStock','Technology','Computers - Software',50,942.65,0,0,47132.5,942.65,929,0,46450,-682.5,0,0.98552,0,'1900-01-01'),(1017,1,'NSE:INDIGO','2017-01-30','INDIGO','04-Equity','05-Equity-MidStock','Aviation','Aviation',6,928,0,0,5568,928,1240,0,7440,1872,0,1.33621,0,'1900-01-01'),(1017,1,'NSE:ICICIBANK','2017-01-30','ICICI Bank','04-Equity','04-Equity-LargeStock','Banking & Finance','Banks - Private Sector',35,271.8,0,0,9513,271.8,294.2,0,10297,784,0,1.08241,0,'1900-01-01'),(1017,1,'NSE:HDFCBANK','2017-01-30','HDFC Bank','04-Equity','04-Equity-LargeStock','Banking & Finance','Banks - Private Sector',24,1292.25,0,0,31014,1292.25,1655,0,39720,8706,0,1.28071,0,'1900-01-01'),(1017,1,'NSE:EICHERMOT','2017-01-30','Eicher Motors','04-Equity','04-Equity-LargeStock','Automotive','LCVs & HCVs',1,23600,0,0,23600,23600,27295,0,27295,3695,0,1.15657,0,'1900-01-01'),(1017,1,'NSE:DSKULKARNI','2017-01-30','DS Kulkarni','04-Equity','06-Equity-SmallStock','Real Estate','Construction & Contracting - Housing',20,63.95,0,0,1279,63.95,29.65,0,593,-686,0,0.463643,0,'1900-01-01'),(1017,1,'NSE:COALINDIA','2017-01-30','Coal India','04-Equity','04-Equity-LargeStock','Utilities','Power - Generation or Distribution',58,318.3,0,0,18461.4,318.3,245.05,0,14212.9,-4248.5,0,0.769871,0,'1900-01-01'),(1017,1,'NSE:CANBK','2017-01-30','Canara Bank','04-Equity','04-Equity-LargeStock','Banking & Finance','Banks - Public Sector',50,283.8,0,0,14190,283.8,332.3,0,16615,2425,0,1.1709,0,'1900-01-01'),(1017,1,'NSE:BOSCHLTD','2017-01-30','Bosch','04-Equity','04-Equity-LargeStock','Automotive','Ancillaries',1,22370,0,0,22370,22370,23200,0,23200,830,0,1.0371,0,'1900-01-01'),(1017,1,'NSE:BIOCON','2017-01-30','Biocon','04-Equity','05-Equity-MidStock','Pharmaceuticals','Pharmaceuticals',60,1021,0,0,61260,1021,327.7,0,19662,-41598,0,0.32096,0,'1900-01-01'),(1017,1,'NSE:SYNGENE','2017-01-30','Syngene International','04-Equity','05-Equity-MidStock','Pharmaceuticals','Pharmaceuticals',70,563,0,0,39410,563,459.5,0,32165,-7245,0,0.816163,0,'1900-01-01'),(1017,1,'NSE:TATAMOTORS','2017-01-30','Tata Motors','04-Equity','04-Equity-LargeStock','Automotive','LCVs & HCVs',72,540.75,0,0,38934,540.75,437,0,31464,-7470,0,0.808137,0,'1900-01-01'),(1017,1,'NSE:TATAPOWER','2017-01-30','Tata Power','04-Equity','04-Equity-LargeStock','Utilities','Power - Generation or Distribution',48,81.2,0,0,3897.6,81.2,81.6,0,3916.8,19.2,0,1.00493,0,'1900-01-01'),(1017,1,'NSE:TATASTEEL','2017-01-30','Tata Steel','04-Equity','04-Equity-LargeStock','Metals & Mining','Steel - Large',52,468.55,0,0,24364.6,468.55,533.65,0,27749.8,3385.2,0,1.13894,0,'1900-01-01'),(1017,1,'NSE:TCS','2017-01-30','TCS','04-Equity','04-Equity-LargeStock','Technology','Computers - Software',17,2359,0,0,40103,2359,2328.95,0,39592.1,-510.852,0,0.987262,0,'1900-01-01'),(1017,1,'NSE:TITAN','2017-01-30','Titan Company','04-Equity','04-Equity-LargeStock','Other Miscellaneous','Miscellaneous',56,372.3,0,0,20848.8,372.3,511,0,28616,7767.2,0,1.37255,0,'1900-01-01'),(1017,1,'NSE:WIPRO','2017-01-30','Wipro','04-Equity','04-Equity-LargeStock','Technology','Computers - Software',57,466,0,0,26562,466,260,0,14820,-11742,0,0.55794,0,'1900-01-01'),(1002,2,'Motilal Oswal MOSt Focused 25 Reg-G','2017-01-05','Motilal Oswal MOSt Focused 25 Reg-G','04-Equity','08-Equity-LargeCapMF','Large Cap MF','Large Cap MF',602.147,16.61,0,0,10000,16.61,19.4515,0,11712.7,1712.66,0,1.17127,0,'1900-01-01'),(1003,1,'Mirae Asset India Opportunities Regular-G','2017-01-05','Mirae Asset India Opportunities Regular-G','04-Equity','10-Equity-MultiCapMF','Multi Cap Mutual Fund','Multi Cap Mutual Fund',281.231,35.558,0,0,10000,35.558,42.153,0,11854.7,1854.73,0,1.18547,0,'1900-01-01'),(1003,1,'Motilal Oswal MOSt Focused 25 Reg-G','2017-01-05','Motilal Oswal MOSt Focused 25 Reg-G','04-Equity','08-Equity-LargeCapMF','Large Cap MF','Large Cap MF',602.147,16.61,0,0,10000,16.61,19.4515,0,11712.7,1712.66,0,1.17127,0,'1900-01-01'),(1003,1,'Motilal Oswal MOSt Focused Dynamic Equity Reg-G','2017-01-05','Motilal Oswal MOSt Focused Dynamic Equity Reg-G','03-Hybrid','02-HybridEquitytMF','Hybrid Equity Oriented MF','Hybrid Equity Oriented MF',509.726,9.809,0,0,5000,8.809,11.0118,0,5613,613.001,0,1.1226,0,'1900-01-01'),(1001,1,'Birla SL Floating Rate ST-G','2017-02-16','Birla SL Floating Rate ST-G','02-FixedInc','05-ShortTerm-DebtMF','Short Term (< 6M) Debt MF','Short Term (< 6M) Debt MF',93.222,214.54,0,0,20000,214.54,218.595,0,20377.8,377.834,0,1.01889,0,'1900-01-01'),(1001,1,'Franklin India High Grth Companies-G','2016-09-27','Franklin India High Grth Companies-G','04-Equity','10-Equity-MultiCapMF','Mid-Small Cap MF','Mid-Small Cap MF',599.407,33.37,0,0,20000,33.37,36.2245,0,21713.2,1713.22,0,1.08566,0,'1900-01-01'),(1002,2,'Franklin India High Grth Companies-G','2016-09-27','Franklin India High Grth Companies-G','04-Equity','10-Equity-MultiCapMF','Mid-Small Cap MF','Mid-Small Cap MF',599.407,33.37,0,0,20000,33.37,36.2245,0,21713.2,1713.22,0,1.08566,0,'1900-01-01'),(1018,1,'Birla SL Floating Rate ST-G','2017-02-16','Birla SL Floating Rate ST-G','02-FixedInc','05-ShortTerm-DebtMF','Short Term (< 6M) Debt MF','Short Term (< 6M) Debt MF',46.611,214.54,0,0,10000,214.54,218.595,0,10188.9,188.917,0,1.01889,0,'1900-01-01'),(1018,1,'Motilal Oswal MOSt Focused 25 Reg-G','2017-02-16','Motilal Oswal MOSt Focused 25 Reg-G','04-Equity','08-Equity-LargeCapMF','Large Cap MF','Large Cap MF',1396.8,17.898,0,0,25000,17.89,19.4515,0,27169.9,2169.93,0,1.0868,0,'1900-01-01'),(1018,1,'SBI Magnum Gilt Short-term-G','2017-02-16','SBI Magnum Gilt Short-term-G','02-FixedInc','05-ShortTerm-DebtMF','Short Term (< 6M) Debt MF','Short Term (< 6M) Debt MF',1450.15,34.48,0,0,50000,34.48,35.2465,0,51112.9,1112.85,0,1.02226,0,'1900-01-01'),(1018,1,'MOSL','2017-02-28','MOSL','01-Cash','01-Cash','Cash','Cash',1,4850,0,0,4850,4850,4850,0,4850,0,0,1,0,'1900-01-01'),(1019,1,'NSE:DMART','2017-03-22','Avenue Supermarts Ltd','04-Equity','05-Equity-MidStock','Retail','Retail',50,299,0,0,14950,299,815,0,40750,25800,0,2.72575,NULL,'1900-01-01'),(1017,1,'NSE:DMART','2017-03-22','DMART','04-Equity','05-Equity-MidStock','Retail','Retail',50,299,0,0,14950,299,815,0,40750,25800,0,2.72575,NULL,'1900-01-01'),(1017,1,'NSE:COALINDIA','2017-03-30','Coal India','04-Equity','04-Equity-LargeStock','Utilities','Power - Generation or Distribution',2,292.95,2.9296,1.74,590.57,295.28,245.05,0,490.1,-100.47,0,0.829876,0,'1900-01-01'),(1017,1,'NSE:MARUTI','2017-03-30','Maruti Suzuki','04-Equity','04-Equity-LargeStock','Automotive','Cars & Jeeps',2,5968.05,59.6806,22.44,12018.2,6009.11,7213.8,0,14427.6,2409.38,0,1.20048,0,'1900-01-01'),(1003,1,'Mirae Asset India Opportunities Regular-G','2017-04-03','Mirae Asset India Opportunities Regular-G','04-Equity','10-Equity-MultiCapMF','Multi Cap Mutual Fund','Multi Cap Mutual Fund',498.591,40.113,0,0,20000,40.113,42.153,0,21017.1,1017.11,0,1.05086,0,'1900-01-01'),(1003,1,'Motilal Oswal MOSt Focused Dynamic Equity Reg-G','2017-04-03','Motilal Oswal MOSt Focused Dynamic Equity Reg-G','03-Hybrid','02-HybridEquitytMF','Hybrid Equity Oriented MF','Hybrid Equity Oriented MF',1860.67,10.75,0,0,20000,10.74,11.0118,0,20489.4,489.357,0,1.02447,0,'1900-01-01'),(1018,1,'Mirae Asset India Opportunities Regular-G','2017-04-03','Mirae Asset India Opportunities Regular-G','04-Equity','10-Equity-MultiCapMF','Multi Cap Mutual Fund','Multi Cap Mutual Fund',249.296,40.34,0,0,10057,40.34,42.153,0,10508.6,451.574,0,1.0449,0,'1900-01-01'),(1017,1,'NSE:MARUTI','2017-05-05','Maruti Suzuki','04-Equity','04-Equity-LargeStock','Automotive','Cars & Jeeps',1,6637.45,33.19,5,6682.28,6682.28,7213.8,0,7213.8,531.52,0,1.07954,0,'1900-01-01'),(1017,1,'NSE:CERA','2017-05-05','Cera Sanitary','04-Equity','06-Equity-SmallStock','Cement & Construction','Ceramics or Granite',2,2980,29.8,10.64,6000.44,3000.22,2968,0,5936,-64.4399,0,0.989261,0,'1900-01-01'),(1017,1,'NSE:ASIANPAINT','2017-05-05','Asian Paints','04-Equity','04-Equity-LargeStock','Chemicals','Paints or Varnishes',5,1149.65,28.75,10.75,5787.75,1157.55,1101.65,0,5508.25,-279.5,0,0.951708,NULL,'1900-01-01'),(1017,1,'NSE:ADVENZYMES','2017-05-05','BIOCON','04-Equity','06-Equity-SmallStock','Materials','Materials',2,2039,20.4,9.08,4107.48,2053.74,325.5,0,651,-3456.48,0,0.158491,0,'1900-01-01'),(1019,1,'NSE:INFY','2017-04-13','Infosys','04-Equity','04-Equity-LargeStock','Technology','Computers - Software',2,941.44,0,0,1882.88,941.44,929,0,1858,-24.88,0,0.986786,0,'1900-01-01'),(1019,1,'NSE:TCS','2017-02-01','TCS','04-Equity','04-Equity-LargeStock','Technology','Computers - Software',1,2181.93,0,0,2181.93,2181.93,2328.95,0,2328.95,147.02,0,1.06738,0,'1900-01-01'),(1019,1,'NSE:DHANUKA','2017-03-20','Dhanuka Agritec','04-Equity','06-Equity-SmallStock','Chemicals','Pesticides or Agro Chemicals',5,784.12,3920.62,0,3920.62,941.44,850,0,4250,329.38,0,1.08401,0,'1900-01-01'),(1003,1,'HDFC Banking and PSU Debt Reg-G','2017-04-28','HDFC Banking and PSU Debt Reg-G','02-FixedInc','05-ShortTerm-DebtMF','Short Term (< 6M) Debt MF','Short Term (< 6M) Debt MF',3772.11,13.255,0,0,50000,13.255,13.3528,0,50368.2,368.234,0,1.00736,0,'1900-01-01'),(1017,1,'NSE:ASIANPAINT','2017-06-06','Asian Paints','04-Equity','04-Equity-LargeStock','Chemicals','Paints or Varnishes',5,1159.3,28.98,11,5836.48,1167.3,1101.65,0,5508.25,-279.5,0,0.951708,NULL,NULL),(1017,1,'NSE:MARUTI','2017-06-06','Maruti Suzuki','04-Equity','04-Equity-LargeStock','Automotive','Cars & Jeeps',1,7195,35.98,13.89,7244.87,7244.87,7213.8,0,7213.8,531.52,0,1.07954,0,'0000-00-00'),(1017,1,'NSE:ADVENZYMES','2017-06-06','ADVENZYMES','04-Equity','06-Equity-SmallStock','Materials','Materials',10,363.5,18.18,6.85,3660.03,366,325.5,0,651,-3456.48,0,0.158491,0,NULL),(1017,1,'NSE:CERA','2017-06-06','Cera Sanitary','04-Equity','06-Equity-SmallStock','Cement & Construction','Ceramics or Granite',2,3002.45,30.02,11,6045.92,3022.96,2968,0,5936,-64.4399,0,0.989261,0,NULL);
/*!40000 ALTER TABLE `portfolio_holdings` ENABLE KEYS */;
UNLOCK TABLES;

--
-- Table structure for table `role`
--

DROP TABLE IF EXISTS `role`;
/*!40101 SET @saved_cs_client     = @@character_set_client */;
/*!40101 SET character_set_client = utf8 */;
CREATE TABLE `role` (
  `role_id` int(1) NOT NULL COMMENT 'Role ID',
  `role_name` varchar(45) COLLATE utf8_unicode_ci NOT NULL COMMENT 'Role Name',
  `role` varchar(255) COLLATE utf8_unicode_ci DEFAULT NULL,
  PRIMARY KEY (`role_id`)
) ENGINE=InnoDB DEFAULT CHARSET=utf8 COLLATE=utf8_unicode_ci COMMENT='User Role Master (1-ADMIN, 2-END_USER, 3-RM i.e Relationship Manager)';
/*!40101 SET character_set_client = @saved_cs_client */;

--
-- Dumping data for table `role`
--

LOCK TABLES `role` WRITE;
/*!40000 ALTER TABLE `role` DISABLE KEYS */;
INSERT INTO `role` VALUES (1,'ADMIN',NULL),(2,'END_USER',NULL),(3,'RELATIONSHIP_MANAGER',NULL);
/*!40000 ALTER TABLE `role` ENABLE KEYS */;
UNLOCK TABLES;

--
-- Table structure for table `sequence_next_hi_value`
--

DROP TABLE IF EXISTS `sequence_next_hi_value`;
/*!40101 SET @saved_cs_client     = @@character_set_client */;
/*!40101 SET character_set_client = utf8 */;
CREATE TABLE `sequence_next_hi_value` (
  `id` varchar(50) COLLATE utf8_unicode_ci NOT NULL DEFAULT '',
  `sequence_next_hi_value` int(11) DEFAULT NULL,
  PRIMARY KEY (`id`)
) ENGINE=MyISAM DEFAULT CHARSET=utf8 COLLATE=utf8_unicode_ci;
/*!40101 SET character_set_client = @saved_cs_client */;

--
-- Dumping data for table `sequence_next_hi_value`
--

LOCK TABLES `sequence_next_hi_value` WRITE;
/*!40000 ALTER TABLE `sequence_next_hi_value` DISABLE KEYS */;
INSERT INTO `sequence_next_hi_value` VALUES ('client_id',1020);
/*!40000 ALTER TABLE `sequence_next_hi_value` ENABLE KEYS */;
UNLOCK TABLES;

--
-- Table structure for table `task_list`
--

DROP TABLE IF EXISTS `task_list`;
/*!40101 SET @saved_cs_client     = @@character_set_client */;
/*!40101 SET character_set_client = utf8 */;
CREATE TABLE `task_list` (
  `task_id` int(11) NOT NULL AUTO_INCREMENT,
  `task_name` varchar(100) COLLATE utf8_unicode_ci NOT NULL,
  `task_description` text COLLATE utf8_unicode_ci,
  `task_priority` varchar(20) COLLATE utf8_unicode_ci DEFAULT NULL,
  `task_status` varchar(20) COLLATE utf8_unicode_ci DEFAULT NULL,
  `task_start_time` datetime NOT NULL DEFAULT CURRENT_TIMESTAMP,
  `task_end_time` datetime NOT NULL DEFAULT CURRENT_TIMESTAMP,
  `task_archive` tinyint(1) DEFAULT '0',
  PRIMARY KEY (`task_id`)
) ENGINE=MyISAM AUTO_INCREMENT=7 DEFAULT CHARSET=utf8 COLLATE=utf8_unicode_ci;
/*!40101 SET character_set_client = @saved_cs_client */;

--
-- Dumping data for table `task_list`
--

LOCK TABLES `task_list` WRITE;
/*!40000 ALTER TABLE `task_list` DISABLE KEYS */;
INSERT INTO `task_list` VALUES (1,'Gathering Requirment','Requirment Gathering','MEDIUM','ACTIVE','2017-04-01 00:00:00','2017-04-01 05:00:00',0),(2,'Application Design','Application Design','MEDIUM','ACTIVE','2017-04-02 00:00:00','2017-04-02 05:00:00',0),(3,'Implementation','Implementation','MEDIUM','ACTIVE','2017-04-03 00:00:00','2017-04-03 05:00:00',0),(4,'Unit Testing','Unit Testing','LOW','ACTIVE','2017-04-04 00:00:00','2017-04-04 05:00:00',0),(5,'Maintainance','Maintainance','LOW','ACTIVE','2017-04-05 00:00:00','2017-04-05 05:00:00',0),(6,'Sudhir','Kripa','HIGH','ACTIVE','2017-06-28 11:45:36','2017-06-28 11:45:36',0);
/*!40000 ALTER TABLE `task_list` ENABLE KEYS */;
UNLOCK TABLES;

--
-- Table structure for table `user`
--

DROP TABLE IF EXISTS `user`;
/*!40101 SET @saved_cs_client     = @@character_set_client */;
/*!40101 SET character_set_client = utf8 */;
CREATE TABLE `user` (
  `user_id` int(11) NOT NULL COMMENT 'User ID unique auto generated',
  `user_login_id` varchar(50) COLLATE utf8_unicode_ci NOT NULL COMMENT 'User Login ID unique usually contact no.',
  `user_password` varchar(100) COLLATE utf8_unicode_ci NOT NULL COMMENT 'Encrypted Password',
  `user_active_status` int(1) DEFAULT '1' COMMENT '1-Active 2-Inactive Closed',
  `user_first_name` varchar(50) COLLATE utf8_unicode_ci NOT NULL COMMENT 'User Name',
  `user_last_name` varchar(50) COLLATE utf8_unicode_ci NOT NULL COMMENT 'Family Name',
  `user_joining_date` date DEFAULT NULL COMMENT 'User Joining Date',
  `user_emailid` varchar(50) COLLATE utf8_unicode_ci NOT NULL COMMENT 'Email ID for communication',
  `user_add_line1` varchar(100) COLLATE utf8_unicode_ci DEFAULT NULL COMMENT 'Address Line 1',
  `user_add_line2` varchar(100) COLLATE utf8_unicode_ci DEFAULT NULL COMMENT 'Address Line 2',
  `user_add_line3` varchar(100) COLLATE utf8_unicode_ci DEFAULT NULL COMMENT 'Address Line 3',
  `user_city` varchar(50) COLLATE utf8_unicode_ci DEFAULT NULL COMMENT 'User Address City',
  `user_state` varchar(50) COLLATE utf8_unicode_ci DEFAULT NULL COMMENT 'User Address State',
  `user_pin` int(11) DEFAULT NULL COMMENT 'User Address PIN Code',
  `user_contact_no` bigint(20) NOT NULL COMMENT 'User Contact No.',
  `user_contact_no_alternate` bigint(20) DEFAULT NULL COMMENT 'User Alternate Contact No',
  `user_last_login_time` datetime DEFAULT NULL COMMENT 'User last login timestamp',
  `active` int(11) DEFAULT NULL,
  `email` varchar(255) COLLATE utf8_unicode_ci NOT NULL,
  `last_name` varchar(255) COLLATE utf8_unicode_ci NOT NULL,
  `name` varchar(255) COLLATE utf8_unicode_ci NOT NULL,
  `password` varchar(255) COLLATE utf8_unicode_ci NOT NULL,
  PRIMARY KEY (`user_id`),
  UNIQUE KEY `ui_user_user_login_id` (`user_login_id`)
) ENGINE=InnoDB DEFAULT CHARSET=utf8 COLLATE=utf8_unicode_ci COMMENT='Users who can access the system';
/*!40101 SET character_set_client = @saved_cs_client */;

--
-- Dumping data for table `user`
--

LOCK TABLES `user` WRITE;
/*!40000 ALTER TABLE `user` DISABLE KEYS */;
INSERT INTO `user` VALUES (0,'ADMIN','$2a$10$ESarR.eSIYmwip0JYr0d1.1S0K92vPiutH.kQH9lyaQGWw8OaXnhO',1,'ADMIN','ADMIN','2017-04-01','',NULL,NULL,NULL,NULL,NULL,NULL,0,NULL,NULL,NULL,'','','',''),(1,'9819980951','$2a$10$ESarR.eSIYmwip0JYr0d1.1S0K92vPiutH.kQH9lyaQGWw8OaXnhO',1,'Sudhir','Kulaye','2017-04-01','sudhir.kulaye@gmail.com','703 Diamond Park','Navghar Road','Mulund East','Mumbai','Maharashtra',400081,9819980951,0,'2017-04-01 00:00:00',NULL,'','','',''),(1001,'9930174850','$2a$10$ESarR.eSIYmwip0JYr0d1.1S0K92vPiutH.kQH9lyaQGWw8OaXnhO',1,'Madhavi','Kulaye','2017-04-01','madhavi.1611@gmail.com','703 Diamond Park','Navghar Road','Mulund East','Mumbai','Maharashtra',400081,9930174850,0,'2017-04-01 00:00:00',NULL,'','','',''),(1002,'9987508953','$2a$10$ESarR.eSIYmwip0JYr0d1.1S0K92vPiutH.kQH9lyaQGWw8OaXnhO',1,'Rohini','Kulaye','2017-04-01','rohinikulaye@gmail.com','703 Diamond Park','Navghar Road','Mulund East','Mumbai','Maharashtra',400081,9987508953,0,'2017-04-01 00:00:00',NULL,'','','',''),(1003,'9819156287','$2a$10$ESarR.eSIYmwip0JYr0d1.1S0K92vPiutH.kQH9lyaQGWw8OaXnhO',1,'Yatin','Gawde','2017-04-01','yatin.gawde@accenture.com','601 ANMOL HEIGHTS','Naupada','Thane West','Thane','Maharashtra',404001,9819156287,0,'2017-04-01 00:00:00',NULL,'','','',''),(1004,'9967020963','$2a$10$ESarR.eSIYmwip0JYr0d1.1S0K92vPiutH.kQH9lyaQGWw8OaXnhO',1,'Yogesh','Jadhav','2017-04-01','yjadhav226@gmail.com','201 Riddhi CHSL','Sector 7','Airoli','Navi Mumbai','Maharashtra',408001,9967020963,0,'2017-04-01 00:00:00',NULL,'','','',''),(1005,'9833539125','$2a$10$ESarR.eSIYmwip0JYr0d1.1S0K92vPiutH.kQH9lyaQGWw8OaXnhO',1,'Pramod','Pawar','2017-04-01','pramodpawar@gmail.com','704 Diamond Park','Navghar Road','Mulund East','Mumbai','Maharashtra',400081,9833539125,0,'2017-04-01 00:00:00',NULL,'','','',''),(1007,'9833539299','$2a$10$ESarR.eSIYmwip0JYr0d1.1S0K92vPiutH.kQH9lyaQGWw8OaXnhO',1,'Rahul','Vaknalli','2017-04-01','anandkirtiv@gmail.com','FLAT NO 2 GRANDSLAM SOCIETY RUTURAJ BLDG',' MHATRE WADI','Dahisar West','Mumbai','Maharashtra',400068,9833539299,0,'2017-04-01 00:00:00',NULL,'','','',''),(1008,'9869483091','$2a$10$ESarR.eSIYmwip0JYr0d1.1S0K92vPiutH.kQH9lyaQGWw8OaXnhO',1,'Prashant','Parab','2017-04-01','prashant.gparab19@gmail.com','33/234 ','ABHUDAYA NGR','KALACHOUKI','Mumbai','Maharashtra',400033,9869483091,0,'2017-04-01 00:00:00',NULL,'','','',''),(1009,'9969612144','$2a$10$ESarR.eSIYmwip0JYr0d1.1S0K92vPiutH.kQH9lyaQGWw8OaXnhO',1,'Ankush','Kulaye','2017-04-01','aravindkulaye@gmail.com','R00M NO 12 SURAJ BUILDING BAITHI CHAWL ','JAGANNATH BHATANK AR',' ELPHINSTONE RD','Mumbai','Maharashtra',400013,9969612144,0,'2017-04-01 00:00:00',NULL,'','','',''),(1010,'9820518100','$2a$10$ESarR.eSIYmwip0JYr0d1.1S0K92vPiutH.kQH9lyaQGWw8OaXnhO',1,'Sachin','Shengale','2017-04-01','sachinshengale@gmail.com','A 1-504 BHAVINI ENCLAVE','SANT RAMDAS MARG','Mulund East','Mumbai','Maharashtra',400081,9820518100,0,'2017-04-01 00:00:00',NULL,'','','',''),(1014,'9820116406','$2a$10$ESarR.eSIYmwip0JYr0d1.1S0K92vPiutH.kQH9lyaQGWw8OaXnhO',1,'Girish','Sadalge','2017-04-01','girishsadalge@gmail.com',NULL,NULL,'Kandivali','Mumbai','Maharashtra',NULL,9820116406,0,'2017-04-01 00:00:00',NULL,'','','',''),(1016,'9821312266','$2a$10$ESarR.eSIYmwip0JYr0d1.1S0K92vPiutH.kQH9lyaQGWw8OaXnhO',1,'Aneeket','Rane','2017-04-01','nishaaneeketrane@gmail.com','Rolex Apartment B-1-601','S V Road, Near Shantinaath Shopping Center ','Malad West','Mumbai','Maharashtra',400064,9821312266,0,'2017-04-01 00:00:00',NULL,'','','',''),(1017,'9823433623','$2a$10$ESarR.eSIYmwip0JYr0d1.1S0K92vPiutH.kQH9lyaQGWw8OaXnhO',1,'Jayesh','Wadekar','2017-04-01','jayeshwadekar@gmail.com','Akurdi','Akurdi','Pune','Pune','Maharashtra',NULL,9823433623,0,'2017-04-01 00:00:00',NULL,'','','','');
/*!40000 ALTER TABLE `user` ENABLE KEYS */;
UNLOCK TABLES;

--
-- Table structure for table `user_role`
--

DROP TABLE IF EXISTS `user_role`;
/*!40101 SET @saved_cs_client     = @@character_set_client */;
/*!40101 SET character_set_client = utf8 */;
CREATE TABLE `user_role` (
  `user_id` int(11) NOT NULL COMMENT 'User ID - Foreign Key from User',
  `role_id` int(1) NOT NULL COMMENT 'Role ID - Foreign Key from Role',
  PRIMARY KEY (`user_id`),
  KEY `FKa68196081fvovjhkek5m97n3y` (`role_id`),
  CONSTRAINT `c_user_role_role_id` FOREIGN KEY (`role_id`) REFERENCES `role` (`role_id`),
  CONSTRAINT `c_user_role_user_id` FOREIGN KEY (`user_id`) REFERENCES `user` (`user_id`),
  CONSTRAINT `FK859n2jvi8ivhui0rl0esws6o` FOREIGN KEY (`user_id`) REFERENCES `user` (`user_id`),
  CONSTRAINT `FKa68196081fvovjhkek5m97n3y` FOREIGN KEY (`role_id`) REFERENCES `role` (`role_id`)
) ENGINE=InnoDB DEFAULT CHARSET=utf8 COLLATE=utf8_unicode_ci COMMENT='Role and User Mapping';
/*!40101 SET character_set_client = @saved_cs_client */;

--
-- Dumping data for table `user_role`
--

LOCK TABLES `user_role` WRITE;
/*!40000 ALTER TABLE `user_role` DISABLE KEYS */;
INSERT INTO `user_role` VALUES (0,1),(1,2),(1001,2),(1002,2),(1003,2),(1004,2),(1005,2),(1007,2),(1008,2),(1009,2),(1010,2),(1014,2),(1016,2),(1017,2);
/*!40000 ALTER TABLE `user_role` ENABLE KEYS */;
UNLOCK TABLES;
/*!40103 SET TIME_ZONE=@OLD_TIME_ZONE */;

/*!40101 SET SQL_MODE=@OLD_SQL_MODE */;
/*!40014 SET FOREIGN_KEY_CHECKS=@OLD_FOREIGN_KEY_CHECKS */;
/*!40014 SET UNIQUE_CHECKS=@OLD_UNIQUE_CHECKS */;
/*!40101 SET CHARACTER_SET_CLIENT=@OLD_CHARACTER_SET_CLIENT */;
/*!40101 SET CHARACTER_SET_RESULTS=@OLD_CHARACTER_SET_RESULTS */;
/*!40101 SET COLLATION_CONNECTION=@OLD_COLLATION_CONNECTION */;
/*!40111 SET SQL_NOTES=@OLD_SQL_NOTES */;

-- Dump completed on 2017-06-30 23:46:07
